corrida	slug	nome	descricao	tel	whatsapp	morada	zona	estado	ficha	categoria	nota	avaliacoes	horario	presenca
A	atractiv-barber	Atractiv Barber shop		0746 542 748	?	Șos. Nicolina 88, 700688	Nicolina	por fazer	ponte/cc-20261009-f-atractiv-barber-shop	Frizerie	4,9	231	vineri,08 – 18:30, Copiază programul de lucru	
A	ego-hair-studio	Ego Hair Studio		0787 633 318	?	Strada Vasile Lupu nr.104, Bl. D5, 700123	Tătărași	por fazer	ponte/cc-20261009-f-ego-hair-studio	Coafor	4,6	65	vineri,10 – 19, Copiază programul de lucru	m.facebook.com
A	frizeria-magnific	Frizeria Magnific		0757 450 950	?	Bulevardul Nicolae Iorga 22, 700259	Nicolina	por fazer	ponte/cc-20261009-f-frizeria-magnific	Frizerie	4,7	95	vineri,08 – 19, Copiază programul de lucru	facebook.com
A	lisnic-barbershop	Lisnic Barbershop Tătărași Newton		0770 564 658	?	Strada Vasile Lupu 78A, 700350	Tătărași	por fazer	ponte/cc-20261009-f-lisnic-barbershop-tatarasi-newton	Frizerie	4,9	255	vineri,10 – 20, Copiază programul de lucru	
A	origins-coffee	Origin's Coffee		0734 779 670	?	Strada Ateneului,	Tătărași	por fazer	ponte/cc-20261009-f-origin-s-coffee	Cafenea	4,6	48	vineri,07 – 17, Copiază programul de lucru	
A	petale-coffee	Petale Coffee		0742 807 554	?	Strada Ion Creangă 13, 700259	Tătărași	por fazer	ponte/cc-20261009-f-petale-coffee	Cafenea	4,9	40	vineri,07:30 – 17, Copiază programul de lucru	instagram.com
A	beauty-wow	Salon Beauty wow		0755 331 403	?	Complex Comercial Ciurchi, 707252	Tătărași	por fazer	ponte/cc-20261009-f-salon-beauty-wow	Salon de înfrumusețare	4,8	114	vineri,10 – 17, Copiază programul de lucru	
A	salon-manier	Salon Manier Nicolina Frizerie		0726 053 268	?	Șos. Nicolina 91, 700689	Nicolina	por fazer	ponte/cc-20261009-f-salon-manier-nicolina-frizerie	Frizerie	5,0	41	vineri,09 – 18, Copiază programul de lucru	
A	salon-michelle	Salon Michelle Iasi		0332 803 533	não (fixo)	Strada Mitropolit Varlaam 19, 700197	Nicolina	por fazer	ponte/cc-20261009-f-salon-michelle-iasi	Coafor	4,4	260	vineri,08 – 20, Copiază programul de lucru	
A	salon-venus	Salon Venus		0751 223 149	?	Bulevardul Nicolae Iorga 24, 700259	Nicolina	por fazer	ponte/cc-20261009-f-salon-venus	Coafor	4,3	517	vineri,08 – 20, Copiază programul de lucru	
A	kinetomobil	KinetoMobil • Recuperare medicală la domiciliu		0748 979 194	?	Ciric, 700334 Iași	La domiciliu	por fazer	ponte/cc-20261009-f-kinetomobil-recuperare-medicala-la-domic	Kinetoterapeut	5,0			
