data	slug	nome	categoria	nota	avaliacoes	site	resultado	ficha
2026-10-09	atractiv-barber-shop	Atractiv Barber shop	Frizerie	4,9			sem site	https://www.google.com/maps/place/Atractiv+Barber+shop/data=!4m7!3m6!1s0x40cafb1cd845698b:0x9c38ac3b5968d383!8m2!3d47.1296043!4d27.5690365!16s%2Fg%2F11h6qbd0v_!19sChIJi2lF2Bz7ykARg9NoWTusOJw?authuser=0&hl=ro&g_ep=EgoyMDI2MTAwNi4wIJJjKgBIAVAD&rclk=1
2026-10-09	cafe-tabu	Café Tabu	Cafenea	4,3	113		sem contacto/fora	https://www.google.com/maps/place/Caf%C3%A9+Tabu/data=!4m7!3m6!1s0x40cafbf17dbb69bb:0x3499e6a3e01b5dc7!8m2!3d47.1554918!4d27.6243128!16s%2Fg%2F11c53hzzgy!19sChIJu2m7ffH7ykARx10b4KPmmTQ?authuser=0&hl=ro&g_ep=EgoyMDI2MTAwNi4wIJJjKgBIAVAD&rclk=1
2026-10-09	carmangeria-lupu	Carmangeria Lupu	Măcelărie	4,3	59		sem contacto/fora	https://www.google.com/maps/place/Carmangeria+Lupu/data=!4m7!3m6!1s0x40cafb16923348a9:0xc1c38e31e4aa7fc7!8m2!3d47.1462387!4d27.5262791!16s%2Fg%2F11nxd01m6m!19sChIJqUgzkhb7ykARx3-q5DGOw8E?authuser=0&hl=ro&g_ep=EgoyMDI2MTAwNi4wIJJjKgBIAVAD&rclk=1
2026-10-09	ego-hair-studio	Ego Hair Studio	Coafor	4,6	65		sem site	https://www.google.com/maps/place/Ego+Hair+Studio/data=!4m7!3m6!1s0x40cafb8cdacc3447:0x287cc70d349bd3d7!8m2!3d47.1578613!4d27.6170411!16s%2Fg%2F1ydxc463b!19sChIJRzTM2oz7ykAR19ObNA3HfCg?authuser=0&hl=ro&g_ep=EgoyMDI2MTAwNi4wIJJjKgBIAVAD&rclk=1
2026-10-09	frizeria-magnific	Frizeria Magnific	Frizerie	4,7	95		sem site	https://www.google.com/maps/place/Frizeria+Magnific/data=!4m7!3m6!1s0x40cafbb9321b6225:0x76e3a7ad15a7d87f!8m2!3d47.1458152!4d27.5871617!16s%2Fg%2F11jn4dff8_!19sChIJJWIbMrn7ykARf9inFa2n43Y?authuser=0&hl=ro&g_ep=EgoyMDI2MTAwNi4wIJJjKgBIAVAD&rclk=1
2026-10-09	gogoseria-la-bianca	Gogoșeria La Bianca	Brutărie	5,0	15		sem contacto/fora	https://www.google.com/maps/place/Gogo%C8%99eria+La+Bianca/data=!4m7!3m6!1s0x40cafb007ea80a2d:0xe8392df4e0b46578!8m2!3d47.1354158!4d27.5740169!16s%2Fg%2F11vwjzbl8t!19sChIJLQqofgD7ykAReGW04PQtOeg?authuser=0&hl=ro&g_ep=EgoyMDI2MTAwNi4wIJJjKgBIAVAD&rclk=1
2026-10-09	kinetomobil-recuperare-medicala-la-domic	KinetoMobil • Recuperare medicală la domiciliu	Kinetoterapeut	5,0			sem site	https://www.google.com/maps/place/KinetoMobil+%E2%80%A2+Recuperare+medical%C4%83+la+domiciliu/data=!4m7!3m6!1s0x40cafbf8e83bf945:0xa6dd9f6bbf37688d!8m2!3d47.1644175!4d27.6125184!16s%2Fg%2F11h1p79dyk!19sChIJRfk76Pj7ykARjWg3v2uf3aY?authuser=0&hl=ro&g_ep=EgoyMDI2MTAwNi4wIJJjKgBIAVAD&rclk=1
2026-10-09	kinetoterapie-iasi	Kinetoterapie Iași	Centru medical	5,0			sem contacto/fora	https://www.google.com/maps/place/Kinetoterapie+Ia%C8%99i/data=!4m7!3m6!1s0x40cafbf65737c70d:0xddabf71383247c2b!8m2!3d47.1665152!4d27.5852739!16s%2Fg%2F11td2lrwhn!19sChIJDcc3V_b7ykARK3wkgxP3q90?authuser=0&hl=ro&g_ep=EgoyMDI2MTAwNi4wIJJjKgBIAVAD&rclk=1
2026-10-09	lisnic-barbershop-tatarasi-newton	Lisnic Barbershop Tătărași Newton	Frizerie	4,9	255	b221240.alteg.io	sem site	https://www.google.com/maps/place/Lisnic+Barbershop+T%C4%83t%C4%83ra%C8%99i+Newton/data=!4m7!3m6!1s0x40cafbdddf8bd0cf:0x49afbb801d4fc575!8m2!3d47.1594826!4d27.6106597!16s%2Fg%2F11fr6twwp8!19sChIJz9CL3937ykARdcVPHYC7r0k?authuser=0&hl=ro&g_ep=EgoyMDI2MTAwNi4wIJJjKgBIAVAD&rclk=1
2026-10-09	macelarie	Măcelărie	Băcănie	4,8	25		sem contacto/fora	https://www.google.com/maps/place/M%C4%83cel%C4%83rie/data=!4m7!3m6!1s0x40cafb8e43cebf75:0x42faf34c0e2403f6!8m2!3d47.1311022!4d27.5701317!16s%2Fg%2F11n0d_d2w_!19sChIJdb_OQ477ykAR9gMkDkzz-kI?authuser=0&hl=ro&g_ep=EgoyMDI2MTAwNi4wIJJjKgBIAVAD&rclk=1
2026-10-09	optica-ra	Optica Ra	Cabinet oftalmologic	5,0	412	opticara.ro	site próprio	https://www.google.com/maps/place/Optica+Ra/data=!4m7!3m6!1s0x40cafb3c9cf4f8f7:0x5dac009171d7fc85!8m2!3d47.155166!4d27.5902708!16s%2Fg%2F11h0w83zzd!19sChIJ9_j0nDz7ykARhfzXcZEArF0?authuser=0&hl=ro&g_ep=EgoyMDI2MTAwNi4wIJJjKgBIAVAD&rclk=1
2026-10-09	optiklar-independentei-optica-medicala	OptiKlar Independenței - Optică Medicală	Cabinet oftalmologic	5,0		optiklariasi.ro	site próprio	https://www.google.com/maps/place/OptiKlar+Independen%C8%9Bei+-+Optic%C4%83+Medical%C4%83/data=!4m7!3m6!1s0x40cafb965126e78f:0x6ef2a61b1ded6e62!8m2!3d47.1672277!4d27.5829299!16s%2Fg%2F11ytglc874!19sChIJj-cmUZb7ykARYm7tHRum8m4?authuser=0&hl=ro&g_ep=EgoyMDI2MTAwNi4wIJJjKgBIAVAD&rclk=1
2026-10-09	optiklar-podu-ros-optica-medicala	OptiKlar Podu Roș - Optică Medicală	Cabinet oftalmologic	5,0		optiklariasi.ro	site próprio	https://www.google.com/maps/place/OptiKlar+Podu+Ro%C8%99+-+Optic%C4%83+Medical%C4%83/data=!4m7!3m6!1s0x40cafba3c9e83b15:0xf786dd3d429bc7e1!8m2!3d47.1491992!4d27.5852852!16s%2Fg%2F11fx7xj727!19sChIJFTvoyaP7ykAR4cebQj3dhvc?authuser=0&hl=ro&g_ep=EgoyMDI2MTAwNi4wIJJjKgBIAVAD&rclk=1
2026-10-09	orange-beanie-coffee-roastery-bistro	Orange Beanie Coffee Roastery & Bistro	Cafenea	5,0	215	orangebeanie.ro	site próprio	https://www.google.com/maps/place/Orange+Beanie+Coffee+Roastery+%26+Bistro/data=!4m7!3m6!1s0x40cafbb4eb141ce9:0x9fac405797b6fbf8!8m2!3d47.1596841!4d27.6189954!16s%2Fg%2F11m68hyrdy!19sChIJ6RwU67T7ykAR-Pu2l1dArJ8?authuser=0&hl=ro&g_ep=EgoyMDI2MTAwNi4wIJJjKgBIAVAD&rclk=1
2026-10-09	origin-s-coffee	Origin's Coffee	Cafenea	4,6	48		sem site	https://www.google.com/maps/place/Origin%27s+Coffee/data=!4m7!3m6!1s0x40cafb96b87322ef:0x8382726ee112effc!8m2!3d47.1614334!4d27.6074985!16s%2Fg%2F11ghfp0tcr!19sChIJ7yJzuJb7ykAR_O8S4W5ygoM?authuser=0&hl=ro&g_ep=EgoyMDI2MTAwNi4wIJJjKgBIAVAD&rclk=1
2026-10-09	petale-coffee	Petale Coffee	Cafenea	4,9	40		sem site	https://www.google.com/maps/place/Petale+Coffee/data=!4m7!3m6!1s0x40cafb3a8ada723f:0xa1f741ab8f13b016!8m2!3d47.1622265!4d27.6069919!16s%2Fg%2F11wnz5rg0s!19sChIJP3Laijr7ykARFrATj6tB96E?authuser=0&hl=ro&g_ep=EgoyMDI2MTAwNi4wIJJjKgBIAVAD&rclk=1
2026-10-09	principe-caffe	Principe Caffè	Cafenea	4,7			sem contacto/fora	https://www.google.com/maps/place/Principe+Caff%C3%A8/data=!4m7!3m6!1s0x40cafb8c05e6dc7f:0x1f822d2b3a076b47!8m2!3d47.1603555!4d27.6129763!16s%2Fg%2F11f5505c8r!19sChIJf9zmBYz7ykARR2sHOistgh8?authuser=0&hl=ro&g_ep=EgoyMDI2MTAwNi4wIJJjKgBIAVAD&rclk=1
2026-10-09	profi-optic-optica-medicala-iasi	Profi Optic - Optică Medicală Iași	Optometrist	5,0	96	profiopticiasi.ro	site próprio	https://www.google.com/maps/place/Profi+Optic+-+Optic%C4%83+Medical%C4%83+Ia%C8%99i/data=!4m7!3m6!1s0x40cafb953f71c66d:0x20e2badbc37e1bc9!8m2!3d47.1494074!4d27.5792746!16s%2Fg%2F11ghft_gvx!19sChIJbcZxP5X7ykARyRt-w9u64iA?authuser=0&hl=ro&g_ep=EgoyMDI2MTAwNi4wIJJjKgBIAVAD&rclk=1
2026-10-09	salon-beauty-wow	Salon Beauty wow	Salon de înfrumusețare	4,8	114		sem site	https://www.google.com/maps/place/Salon+Beauty+wow/data=!4m7!3m6!1s0x40cafb3a7f41c68d:0x21ec656018c42797!8m2!3d47.1554504!4d27.6200814!16s%2Fg%2F11h15wtyjf!19sChIJjcZBfzr7ykARlyfEGGBl7CE?authuser=0&hl=ro&g_ep=EgoyMDI2MTAwNi4wIJJjKgBIAVAD&rclk=1
2026-10-09	salon-manier-nicolina-frizerie	Salon Manier Nicolina Frizerie	Frizerie	5,0	41		sem site	https://www.google.com/maps/place/Salon+Manier+Nicolina+Frizerie/data=!4m7!3m6!1s0x40cafb9cba839369:0x43c91171468f790a!8m2!3d47.1302361!4d27.5704007!16s%2Fg%2F11ysn6hknd!19sChIJaZODupz7ykARCnmPRnERyUM?authuser=0&hl=ro&g_ep=EgoyMDI2MTAwNi4wIJJjKgBIAVAD&rclk=1
2026-10-09	salon-michelle-iasi	Salon Michelle Iasi	Coafor	4,4	260		sem site	https://www.google.com/maps/place/Salon+Michelle+Iasi/data=!4m7!3m6!1s0x40cafba47680d699:0xb8483e86d57b144b!8m2!3d47.1450587!4d27.591698!16s%2Fg%2F11h7kc4q9k!19sChIJmdaAdqT7ykARSxR71YY-SLg?authuser=0&hl=ro&g_ep=EgoyMDI2MTAwNi4wIJJjKgBIAVAD&rclk=1
2026-10-09	salon-venus	Salon Venus	Coafor	4,3	517		sem site	https://www.google.com/maps/place/Salon+Venus/data=!4m7!3m6!1s0x40cafba5488715dd:0x10012b4adf2b3403!8m2!3d47.145728!4d27.5884643!16s%2Fg%2F11h3bfxtwl!19sChIJ3RWHSKX7ykARAzQr30orARA?authuser=0&hl=ro&g_ep=EgoyMDI2MTAwNi4wIJJjKgBIAVAD&rclk=1
2026-10-09	tabu-coffee-sf-maria	Tabu Coffee Sf Maria	Cafenea	4,5	17		sem contacto/fora	https://www.google.com/maps/place/Tabu+Coffee+Sf+Maria/data=!4m7!3m6!1s0x40cafbb3ed8a4d2d:0x78b7731bffb5cdb0!8m2!3d47.1598903!4d27.6074153!16s%2Fg%2F11x8xhq0nc!19sChIJLU2K7bP7ykARsM21_xtzt3g?authuser=0&hl=ro&g_ep=EgoyMDI2MTAwNi4wIJJjKgBIAVAD&rclk=1
2026-10-09	x-optic	X OPTIC	Magazin de ochelari de soare	5,0	597	xoptic.ro	site próprio	https://www.google.com/maps/place/X+OPTIC/data=!4m7!3m6!1s0x40cae4c8e8555539:0x5bdd079c26c3eb58!8m2!3d47.1677352!4d27.511438!16s%2Fg%2F11c0xs2328!19sChIJOVVV6MjkykARWOvDJpwH3Vs?authuser=0&hl=ro&g_ep=EgoyMDI2MTAwNi4wIJJjKgBIAVAD&rclk=1
2026-10-09	ambiental-spalatorie-covoare-iasi-spalat	Ambiental Spalatorie Covoare Iasi. Spalat Covoare Iasi. Curatatorie Covoare Iasi cu Livrare la Domiciliu	Servicii de curățătorie de covoare	4,3			sem site	https://www.google.com/maps/place/Ambiental+Spalatorie+Covoare+Iasi.+Spalat+Covoare+Iasi.+Curatatorie+Covoare+Iasi+cu+Livrare+la+Domiciliu/data=!4m7!3m6!1s0x40cafbe8e42536d7:0xce3da193596104d6!8m2!3d47.1732079!4d27.5900637!16s%2Fg%2F11hbvrxrgn!19sChIJ1zYl5Oj7ykAR1gRhWZOhPc4?authuser=0&hl=ro&g_ep=EgoyMDI2MTAwNi4wIJJjKgBIAVAD&rclk=1
2026-10-09	ami-salon-valea-lupului	AMI salon Valea Lupului	Salon de înfrumusețare	4,9			sem site	https://www.google.com/maps/place/AMI+salon+Valea+Lupului/data=!4m7!3m6!1s0x40cae56a62520359:0xda52d2600af642e6!8m2!3d47.1843558!4d27.5146324!16s%2Fg%2F11fvh2sydx!19sChIJWQNSYmrlykAR5kL2CmDSUto?authuser=0&hl=ro&g_ep=EgoyMDI2MTAwNi4wIJJjKgBIAVAD&rclk=1
2026-10-09	anton-giovani	Anton Giovani	Magazin de tapițerie	4,4			sem site	https://www.google.com/maps/place/Anton+Giovani/data=!4m7!3m6!1s0x40cafb6def52faaf:0x7dfca9b1f07eb398!8m2!3d47.1744209!4d27.543937!16s%2Fg%2F11b7lhx2r0!19sChIJr_pS7237ykARmLN-8LGp_H0?authuser=0&hl=ro&g_ep=EgoyMDI2MTAwNi4wIJJjKgBIAVAD&rclk=1
2026-10-09	cake-expert-nicolina	Cake Expert-Nicolina	Cofetărie	4,5		torturi-iasi.ro	site próprio	https://www.google.com/maps/place/Cake+Expert-Nicolina/data=!4m7!3m6!1s0x40cafba58a74d205:0x46b169c37a5b124e!8m2!3d47.143158!4d27.5793739!16s%2Fg%2F11f06nscx7!19sChIJBdJ0iqX7ykARThJbesNpsUY?authuser=0&hl=ro&g_ep=EgoyMDI2MTAwNy4wIJJjKgBIAVAD&rclk=1
2026-10-09	cofetaria-mikka	Cofetăria Mikka	Brutărie	4,8		mikka.ro	site próprio	https://www.google.com/maps/place/Cofet%C4%83ria+Mikka/data=!4m7!3m6!1s0x40cafb02e0a021f7:0x3db721075e66e49c!8m2!3d47.1424587!4d27.58052!16s%2Fg%2F11pz5568d9!19sChIJ9yGg4AL7ykARnORmXgchtz0?authuser=0&hl=ro&g_ep=EgoyMDI2MTAwNy4wIJJjKgBIAVAD&rclk=1
2026-10-09	cofetaria-palibo-selgros	COFETĂRIA PALIBO (Selgros)	Cofetărie	4,9	373	palibo.ro	site próprio	https://www.google.com/maps/place/COFET%C4%82RIA+PALIBO+%28Selgros%29/data=!4m7!3m6!1s0x40cafbdb6fb5b8e7:0xde242a915936a42f!8m2!3d47.1323386!4d27.5748555!16s%2Fg%2F11smfzw1b4!19sChIJ57i1b9v7ykARL6Q2WZEqJN4?authuser=0&hl=ro&g_ep=EgoyMDI2MTAwNy4wIJJjKgBIAVAD&rclk=1
2026-10-09	dulce-de-acasa-iasi	Dulce de Acasă Iași	Patiserie	5,0			sem site	https://www.google.com/maps/place/Dulce+de+Acas%C4%83+Ia%C8%99i/data=!4m7!3m6!1s0x40cafb5a04d3f68d:0x882bcd8bf893d9ae!8m2!3d47.1462082!4d27.5795207!16s%2Fg%2F11ym1hddfr!19sChIJjfbTBFr7ykARrtmT-IvNK4g?authuser=0&hl=ro&g_ep=EgoyMDI2MTAwNy4wIJJjKgBIAVAD&rclk=1
2026-10-09	fade-society-barbershop	Fade Society Barbershop	Frizerie	4,9	72		sem site	https://www.google.com/maps/place/Fade+Society+Barbershop/data=!4m7!3m6!1s0x40cae50056100ee1:0xf263b3d0cdfbcc5b!8m2!3d47.1752829!4d27.5105726!16s%2Fg%2F11nb6skbh_!19sChIJ4Q4QVgDlykARW8z7zdCzY_I?authuser=0&hl=ro&g_ep=EgoyMDI2MTAwNi4wIJJjKgBIAVAD&rclk=1
2026-10-09	identity-by-marius-timofte	Identity by Marius Timofte	Salon de înfrumusețare	4,6			sem site	https://www.google.com/maps/place/Identity+by+Marius+Timofte/data=!4m7!3m6!1s0x40cae5d96106143b:0x2cf27f7540bc040a!8m2!3d47.1813081!4d27.5153234!16s%2Fg%2F11q7_0drxj!19sChIJOxQGYdnlykARCgS8QHV_8iw?authuser=0&hl=ro&g_ep=EgoyMDI2MTAwNi4wIJJjKgBIAVAD&rclk=1
2026-10-09	innocent-beauty-salon	Innocent Beauty Salon	Salon de înfrumusețare	5,0	55	book.heygoldie.com	site próprio	https://www.google.com/maps/place/Innocent+Beauty+Salon/data=!4m7!3m6!1s0x40cae5611fb83faf:0xdcf6a542de995892!8m2!3d47.1826271!4d27.5150257!16s%2Fg%2F11w34ldpjp!19sChIJrz-4H2HlykARkliZ3kKl9tw?authuser=0&hl=ro&g_ep=EgoyMDI2MTAwNi4wIJJjKgBIAVAD&rclk=1
2026-10-09	la-detaliu-auto-detailing-iasi	La Detaliu-Auto Detailing Iasi	Serviciu de curățenie profesionistă auto	5,0	18		sem site	https://www.google.com/maps/place/La+Detaliu-Auto+Detailing+Iasi/data=!4m7!3m6!1s0x40cafb92a2469fdf:0x4ebc69beef2eda77!8m2!3d47.1405475!4d27.5675571!16s%2Fg%2F11qnbt8583!19sChIJ359GopL7ykARd9ou775pvE4?authuser=0&hl=ro&g_ep=EgoyMDI2MTAwNi4wIJJjKgBIAVAD&rclk=1
2026-10-09	magazinu-lu-peste-galata	Magazinu' lu' Pește - Galata	Magazin cu articole pentru pescuit	4,7	492	magazinulupeste.ro	site próprio	https://www.google.com/maps/place/Magazinu%27+lu%27+Pe%C8%99te+-+Galata/data=!4m7!3m6!1s0x40cafbb928ed6957:0xed32053570847b11!8m2!3d47.152008!4d27.571204!16s%2Fg%2F1pp2vb_z1!19sChIJV2ntKLn7ykAREXuEcDUFMu0?authuser=0&hl=ro&g_ep=EgoyMDI2MTAwNi4wIJJjKgBIAVAD&rclk=1
2026-10-09	pescaria-bunatati-de-la-iaz	PESCARIA BUNATATI DE LA IAZ	Magazin	4,7		bunatatidelaiaz.com	site próprio	https://www.google.com/maps/place/PESCARIA+BUNATATI+DE+LA+IAZ/data=!4m7!3m6!1s0x40cafb51e929718d:0xc799e638e6cabe93!8m2!3d47.1745756!4d27.5427346!16s%2Fg%2F11pz717g6g!19sChIJjXEp6VH7ykARk77K5jjmmcc?authuser=0&hl=ro&g_ep=EgoyMDI2MTAwNi4wIJJjKgBIAVAD&rclk=1
2026-10-09	pescaria-galata	PESCARIA GALATA	Magazin de pește	4,4	15		sem site	https://www.google.com/maps/place/PESCARIA+GALATA/data=!4m7!3m6!1s0x40cafb5ceb04d985:0xa31274746f6dd8a3!8m2!3d47.1526312!4d27.5685968!16s%2Fg%2F11rxrmr_5s!19sChIJhdkE61z7ykARo9htb3R0EqM?authuser=0&hl=ro&g_ep=EgoyMDI2MTAwNi4wIJJjKgBIAVAD&rclk=1
2026-10-09	pescaria-noastra	Pescăria Noastra	Magazin	4,4	17		sem site	https://www.google.com/maps/place/Pesc%C4%83ria+Noastra/data=!4m7!3m6!1s0x40cafbeaf45b99f7:0x233d58a2f507b410!8m2!3d47.1470513!4d27.6105777!16s%2Fg%2F11y7b3_r4c!19sChIJ95lb9Or7ykARELQH9aJYPSM?authuser=0&hl=ro&g_ep=EgoyMDI2MTAwNi4wIJJjKgBIAVAD&rclk=1
2026-10-09	piscicola	Piscicola	Magazin de pește	4,8	13		sem site	https://www.google.com/maps/place/Piscicola/data=!4m7!3m6!1s0x40cafba5b9d8ea6d:0x88d353e6250e33b9!8m2!3d47.1453178!4d27.5814755!16s%2Fg%2F11c1tmf4jy!19sChIJberYuaX7ykARuTMOJeZT04g?authuser=0&hl=ro&g_ep=EgoyMDI2MTAwNi4wIJJjKgBIAVAD&rclk=1
2026-10-09	polar-cars	Polar Cars	Service auto	4,3			sem site	https://www.google.com/maps/place/Polar+Cars/data=!4m7!3m6!1s0x40cafb991ac99531:0xe8f4c0425d769e14!8m2!3d47.1398078!4d27.5074083!16s%2Fg%2F11jn_z2kgt!19sChIJMZXJGpn7ykARFJ52XULA9Og?authuser=0&hl=ro&g_ep=EgoyMDI2MTAwNi4wIJJjKgBIAVAD&rclk=1
2026-10-09	reparatii-termopane-iasi	Reparatii termopane Iasi	Serviciu de reparaţii	4,9	44		sem site	https://www.google.com/maps/place/Reparatii+termopane+Iasi/data=!4m7!3m6!1s0x40cafb8f00f071b7:0x16115f9f8e86559b!8m2!3d47.1651707!4d27.5798436!16s%2Fg%2F11pyqpzl81!19sChIJt3HwAI_7ykARm1WGjp9fERY?authuser=0&hl=ro&g_ep=EgoyMDI2MTAwNi4wIJJjKgBIAVAD&rclk=1
2026-10-09	spaauto-iasi	SpaAuto Iasi	Atelier de reparații auto	4,5			sem site	https://www.google.com/maps/place/SpaAuto+Iasi/data=!4m7!3m6!1s0x40cafb942ba115c3:0xfe06eadd727d2b88!8m2!3d47.1486755!4d27.6428955!16s%2Fg%2F11nx1srvmq!19sChIJwxWhK5T7ykARiCt9ct3qBv4?authuser=0&hl=ro&g_ep=EgoyMDI2MTAwNi4wIJJjKgBIAVAD&rclk=1
2026-10-09	such-salon	Such Salon	Coafor	4,8	26		sem site	https://www.google.com/maps/place/Such+Salon/data=!4m7!3m6!1s0x40cae51250ebc927:0xe57a2e3272aaa2ea!8m2!3d47.1799283!4d27.5258903!16s%2Fg%2F11ry4_wymx!19sChIJJ8nrUBLlykAR6qKqcjIueuU?authuser=0&hl=ro&g_ep=EgoyMDI2MTAwNi4wIJJjKgBIAVAD&rclk=1
2026-10-09	svl-salon-valea-lupului	SVL-Salon Valea Lupului	Coafor	5,0			sem site	https://www.google.com/maps/place/SVL-Salon+Valea+Lupului/data=!4m7!3m6!1s0x40cae492617a0be3:0x44987d9f71c60012!8m2!3d47.1801071!4d27.4885291!16s%2Fg%2F11ssxgscqx!19sChIJ4wt6YZLkykAREgDGcZ99mEQ?authuser=0&hl=ro&g_ep=EgoyMDI2MTAwNi4wIJJjKgBIAVAD&rclk=1
2026-10-09	tapiterie-auto-iasi	Tapițerie auto Iași	Tapițer auto	5,0			sem site	https://www.google.com/maps/place/Tapi%C8%9Berie+auto+Ia%C8%99i/data=!4m7!3m6!1s0x40cafb6d85f0879b:0xf4d31e15a9c1aac8!8m2!3d47.1466095!4d27.5796059!16s%2Fg%2F11zg3qc0ps!19sChIJm4fwhW37ykARyKrBqRUe0_Q?authuser=0&hl=ro&g_ep=EgoyMDI2MTAwNi4wIJJjKgBIAVAD&rclk=1
2026-10-09	vfishing-by-vera	Vfishing by Vera	Magazin de pește	4,8	83		sem site	https://www.google.com/maps/place/Vfishing+by+Vera/data=!4m7!3m6!1s0x40cafb76227f7a89:0x5ea59ae5cf14b2da!8m2!3d47.155533!4d27.6245207!16s%2Fg%2F11hfyggw7b!19sChIJiXp_Inb7ykAR2rIUz-WapV4?authuser=0&hl=ro&g_ep=EgoyMDI2MTAwNi4wIJJjKgBIAVAD&rclk=1
2026-10-09	vulcanizare-auto-atelier-miroslava	Vulcanizare Auto Atelier Miroslava	Vulcanizare	4,7			sem site	https://www.google.com/maps/place/Vulcanizare+Auto+Atelier+Miroslava/data=!4m7!3m6!1s0x40cafb6027523015:0x1daeaad469e644f6!8m2!3d47.1421592!4d27.5142968!16s%2Fg%2F11thc242jz!19sChIJFTBSJ2D7ykAR9kTmadSqrh0?authuser=0&hl=ro&g_ep=EgoyMDI2MTAwNi4wIJJjKgBIAVAD&rclk=1
2026-10-09	ac-barbershop	AC BARBERSHOP	Frizerie	5,0		ac-barber.shop	site próprio	https://www.google.com/maps/place/AC+BARBERSHOP/data=!4m7!3m6!1s0x40cafbabd541455f:0x7808d568b5690c8!8m2!3d47.1729468!4d27.5365183!16s%2Fg%2F11txn4rj99!19sChIJX0VB1av7ykARyJBWi1aNgAc?authuser=0&hl=ro&g_ep=EgoyMDI2MTAwNi4wIJJjKgBIAVAD&rclk=1
2026-10-09	afumatoria-noastra	Afumatoria Noastra	Produse din carne	5,0	161	afumatorianoastra.ro	site próprio	https://www.google.com/maps/place/Afumatoria+Noastra/data=!4m7!3m6!1s0x40cafd4ba66fea8d:0x515b8b941845e96c!8m2!3d47.2229275!4d27.5922309!16s%2Fg%2F11mgl8896s!19sChIJjepvpkv9ykARbOlFGJSLW1E?authuser=0&hl=ro&g_ep=EgoyMDI2MTAwNi4wIJJjKgBIAVAD&rclk=1
2026-10-09	amira-pilates-studio	AMIRA Pilates Studio	Sală pentru exerciții Pilates	5,0	7	amirapilates.ro	site próprio	https://www.google.com/maps/place/AMIRA+Pilates+Studio/data=!4m7!3m6!1s0x40cafb3bf83bcdfd:0x2a9f795d3d389756!8m2!3d47.1462596!4d27.5469659!16s%2Fg%2F11yy63kl_7!19sChIJ_c07-Dv7ykARVpc4PV15nyo?authuser=0&hl=ro&g_ep=EgoyMDI2MTAwNy4wIJJjKgBIAVAD&rclk=1
2026-10-09	animalutul-meu	Animalutul Meu	Clinică veterinară	4,5		animalutulmeu.ro	site próprio	https://www.google.com/maps/place/Animalutul+Meu/data=!4m7!3m6!1s0x40cafb81c5b8a2a5:0x1ded58793053d527!8m2!3d47.1673804!4d27.5950956!16s%2Fg%2F1q4kn9px8!19sChIJpaK4xYH7ykARJ9VTMHlY7R0?authuser=0&hl=ro&g_ep=EgoyMDI2MTAwNi4wIJJjKgBIAVAD&rclk=1
2026-10-09	ari-s-beauty-salon	Ari's Beauty Salon	Salon de înfrumusețare	4,8	33		sem site (reserva)	https://www.google.com/maps/place/Ari%27s+Beauty+Salon/data=!4m7!3m6!1s0x40cafb34287fe313:0x7bf0af4b5950f4f8!8m2!3d47.173448!4d27.544723!16s%2Fg%2F11ts_3b0kb!19sChIJE-N_KDT7ykAR-PRQWUuv8Hs?authuser=0&hl=ro&g_ep=EgoyMDI2MTAwNi4wIJJjKgBIAVAD&rclk=1
2026-10-09	arserom	Arserom	Magazin de piese auto	4,7			fora (sem telemóvel)	https://www.google.com/maps/place/Arserom/data=!4m7!3m6!1s0x40cafbedbb249e5b:0xc2cfd5c720c33324!8m2!3d47.1524267!4d27.6177527!16s%2Fg%2F11bxdw4fg5!19sChIJW54ku-37ykARJDPDIMfVz8I?authuser=0&hl=ro&g_ep=EgoyMDI2MTAwNi4wIJJjKgBIAVAD&rclk=1
2026-10-09	aspire-salon	ASPIRE Salon	Salon de înfrumusețare	5,0	59		sem site (reserva)	https://www.google.com/maps/place/ASPIRE+Salon/data=!4m7!3m6!1s0x40cafbe9b4fb0fcf:0x3a012c85d720beb5!8m2!3d47.1704367!4d27.5735311!16s%2Fg%2F11v03nr8xf!19sChIJzw_7tOn7ykARtb4g14UsATo?authuser=0&hl=ro&g_ep=EgoyMDI2MTAwNi4wIJJjKgBIAVAD&rclk=1
2026-10-09	atelier-madi	Atelier MADI	Florărie	4,8	53		sem site	https://www.google.com/maps/place/Atelier+MADI/data=!4m7!3m6!1s0x40cafbadc6e5e8e9:0x15eed5f653e1f731!8m2!3d47.1376599!4d27.5771359!16s%2Fg%2F11fzz0vt94!19sChIJ6ejlxq37ykARMffhU_bV7hU?authuser=0&hl=ro&g_ep=EgoyMDI2MTAwNi4wIJJjKgBIAVAD&rclk=1
2026-10-09	bacanie-pe-platou	Bacanie pe platou	Băcănie	4,8		bacaniepeplatou.ro	site próprio	https://www.google.com/maps/place/Bacanie+pe+platou/data=!4m7!3m6!1s0x40cafb4988c1de53:0x6b336c3b77f18ab0!8m2!3d47.1364256!4d27.5999143!16s%2Fg%2F11rkgjmf2b!19sChIJU97BiEn7ykARsIrxdztsM2s?authuser=0&hl=ro&g_ep=EgoyMDI2MTAwNi4wIJJjKgBIAVAD&rclk=1
2026-10-09	balance-pilates-studio-reformer-iasi	Balance Pilates Studio Reformer Iasi	Sală pentru exerciții Pilates	4,9	56	balance-pilates.ro	site próprio	https://www.google.com/maps/place/Balance+Pilates+Studio+Reformer+Iasi/data=!4m7!3m6!1s0x40cafbae1547b5f1:0x9b47497ca8a78e39!8m2!3d47.1633468!4d27.5907577!16s%2Fg%2F11w4q9f4s5!19sChIJ8bVHFa77ykAROY6nqHxJR5s?authuser=0&hl=ro&g_ep=EgoyMDI2MTAwNy4wIJJjKgBIAVAD&rclk=1
2026-10-09	be3concept	Be3concept	Spălătorie auto	4,7	36		sem site	https://www.google.com/maps/place/Be3concept/data=!4m7!3m6!1s0x40cafbe24d536b55:0xc6f2bcbe0e513947!8m2!3d47.1463511!4d27.6098695!16s%2Fg%2F11yrtx8x7g!19sChIJVWtTTeL7ykARRzlRDr688sY?authuser=0&hl=ro&g_ep=EgoyMDI2MTAwNi4wIJJjKgBIAVAD&rclk=1
2026-10-09	beer-house	Beer House	Berărie	4,8	121		sem site	https://www.google.com/maps/place/Beer+House/data=!4m7!3m6!1s0x40cafbd9dfab3449:0x36ca91302ef55ff6!8m2!3d47.156063!4d27.58476!16s%2Fg%2F11q45lz9xk!19sChIJSTSr39n7ykAR9l_1LjCRyjY?authuser=0&hl=ro&g_ep=EgoyMDI2MTAwNi4wIJJjKgBIAVAD&rclk=1
2026-10-09	bionutris	BioNutris	Nutriționist	5,0	44	bionutris.ro	site próprio	https://www.google.com/maps/place/BioNutris/data=!4m7!3m6!1s0x40cafb50cbce06bd:0xf793577c1bbab32f!8m2!3d47.1668097!4d27.5755314!16s%2Fg%2F11rk4r98v1!19sChIJvQbOy1D7ykARL7O6G3xXk_c?authuser=0&hl=ro&g_ep=EgoyMDI2MTAwNi4wIJJjKgBIAVAD&rclk=1
2026-10-09	braconierul	Braconierul	Magazin cu articole pentru pescuit	4,6	38		fora (sem telemóvel)	https://www.google.com/maps/place/Braconierul/data=!4m7!3m6!1s0x40cafb0e04054d2f:0x51cfd93f986365d4!8m2!3d47.1554128!4d27.6209961!16s%2Fg%2F11gxn5fd4r!19sChIJL00FBA77ykAR1GVjmD_Zz1E?authuser=0&hl=ro&g_ep=EgoyMDI2MTAwNi4wIJJjKgBIAVAD&rclk=1
2026-10-09	cabinet-veterinar-mop-vet-iasi	Cabinet veterinar Mop Vet Iasi	Medic veterinar	4,8			sem site	https://www.google.com/maps/place/Cabinet+veterinar+Mop+Vet+Iasi/data=!4m7!3m6!1s0x40cafbee00a098f5:0xd41a01be06a9ce0e!8m2!3d47.1529611!4d27.6214785!16s%2Fg%2F11cnwcfs_h!19sChIJ9ZigAO77ykARDs6pBr4BGtQ?authuser=0&hl=ro&g_ep=EgoyMDI2MTAwNi4wIJJjKgBIAVAD&rclk=1
2026-10-09	cafenea-infinity-16	Cafenea Infinity'16	Cafenea	4,6	29		fora (sem telemóvel)	https://www.google.com/maps/place/Cafenea+Infinity%2716/data=!4m7!3m6!1s0x40cafbc1e457be9d:0x742ea77b48950b29!8m2!3d47.14483!4d27.61155!16s%2Fg%2F11c0w3_23k!19sChIJnb5X5MH7ykARKQuVSHunLnQ?authuser=0&hl=ro&g_ep=EgoyMDI2MTAwNi4wIJJjKgBIAVAD&rclk=1
2026-10-09	cafeneaua-noastra	Cafeneaua Noastră	Cafenea	4,8	493	cafeneauanoastra.ro	site próprio	https://www.google.com/maps/place/Cafeneaua+Noastr%C4%83/data=!4m7!3m6!1s0x40cafb9c0eafad6b:0x3b7dc93108f09d05!8m2!3d47.1569731!4d27.5906634!16s%2Fg%2F11cly_39v_!19sChIJa62vDpz7ykARBZ3wCDHJfTs?authuser=0&hl=ro&g_ep=EgoyMDI2MTAwNi4wIJJjKgBIAVAD&rclk=1
2026-10-09	capra-noastra	Capra Noastră	Berărie	4,7		capranoastra.ro	site próprio	https://www.google.com/maps/place/Capra+Noastr%C4%83/data=!4m7!3m6!1s0x40cafbec233c6fcd:0xd9a0f03293126a9b!8m2!3d47.1512662!4d27.6185523!16s%2Fg%2F11dxblnnbh!19sChIJzW88I-z7ykARm2oSkzLwoNk?authuser=0&hl=ro&g_ep=EgoyMDI2MTAwNi4wIJJjKgBIAVAD&rclk=1
2026-10-09	carol-s-place	Carol's Place	Restaurant	4,6		carolsplace.ro	site próprio	https://www.google.com/maps/place/Carol%27s+Place/data=!4m7!3m6!1s0x40caf155e51de66f:0x42eb406a03d96fe3!8m2!3d47.0852905!4d27.6554931!16s%2Fg%2F11s_y_9c7g!19sChIJb-Yd5VXxykAR42_ZA2pA60I?authuser=0&hl=ro&g_ep=EgoyMDI2MTAwNi4wIJJjKgBIAVAD&rclk=1
2026-10-09	crys-grill	Crys Grill	Restaurant fast food	5,0	18		sem site	https://www.google.com/maps/place/Crys+Grill/data=!4m7!3m6!1s0x40caf929df924747:0x63ad417d122cb30!8m2!3d47.1272595!4d27.6263573!16s%2Fg%2F11rrp92_lm!19sChIJR0eS3yn5ykARMMsi0RfUOgY?authuser=0&hl=ro&g_ep=EgoyMDI2MTAwNi4wIJJjKgBIAVAD&rclk=1
2026-10-09	danny	Danny	Florărie	4,7	115	florariadanny.ro	site próprio	https://www.google.com/maps/place/Danny/data=!4m7!3m6!1s0x40cafb6b2a0fbf97:0x6b3ecc82e184076a!8m2!3d47.141879!4d27.5806357!16s%2Fg%2F11g4gcczc9!19sChIJl78PKmv7ykARageE4YLMPms?authuser=0&hl=ro&g_ep=EgoyMDI2MTAwNi4wIJJjKgBIAVAD&rclk=1
2026-10-09	dynamite-pacurari	Dynamite Păcurari	Frizerie	5,0	92		sem site	https://www.google.com/maps/place/Dynamite+P%C4%83curari/data=!4m7!3m6!1s0x40cafb003e74e81d:0xc2aec255bcadef1c!8m2!3d47.1748084!4d27.5464497!16s%2Fg%2F11wtpjpd14!19sChIJHeh0PgD7ykARHO-tvFXCrsI?authuser=0&hl=ro&g_ep=EgoyMDI2MTAwNi4wIJJjKgBIAVAD&rclk=1
2026-10-09	eden-line	Eden Line	Magazin pentru sănătate și înfrumusețare	4,8	36	edenline.ro	site próprio	https://www.google.com/maps/place/Eden+Line/data=!4m7!3m6!1s0x40cafb504565c8cd:0x93aa243103a43f27!8m2!3d47.1735104!4d27.5582038!16s%2Fg%2F11g6htrtms!19sChIJzchlRVD7ykARJz-kAzEkqpM?authuser=0&hl=ro&g_ep=EgoyMDI2MTAwNi4wIJJjKgBIAVAD&rclk=1
2026-10-09	elephant-car-wash	Elephant Car Wash	Spălătorie auto	4,8			sem site	https://www.google.com/maps/place/Elephant+Car+Wash/data=!4m7!3m6!1s0x40cafb84671aa66d:0x54dcb63f7781050e!8m2!3d47.1623248!4d27.5989839!16s%2Fg%2F11k2v671sx!19sChIJbaYaZ4T7ykARDgWBdz-23FQ?authuser=0&hl=ro&g_ep=EgoyMDI2MTAwNi4wIJJjKgBIAVAD&rclk=1
2026-10-09	elite-tuning-service	Elite Tuning Service	Service auto specializat în reparațiile urmelor de tamponări	4,7			sem site (reserva)	https://www.google.com/maps/place/Elite+Tuning+Service/data=!4m7!3m6!1s0x40cafb4a1114b481:0x8a0c77ed5ebf6d59!8m2!3d47.1489949!4d27.617325!16s%2Fg%2F11n7139n9y!19sChIJgbQUEUr7ykARWW2_Xu13DIo?authuser=0&hl=ro&g_ep=EgoyMDI2MTAwNi4wIJJjKgBIAVAD&rclk=1
2026-10-09	esenta-plant-iasi-felicia	Esența Plant Iași Felicia	Magazin de alimente ecologice și dietetice	5,0		esentaplant.ro	site próprio	https://www.google.com/maps/place/Esen%C8%9Ba+Plant+Ia%C8%99i+Felicia/data=!4m7!3m6!1s0x40cafb855e0184df:0x7ad9538ad65379bc!8m2!3d47.1449844!4d27.6114543!16s%2Fg%2F11fsmkf5r_!19sChIJ34QBXoX7ykARvHlT1opT2Xo?authuser=0&hl=ro&g_ep=EgoyMDI2MTAwNi4wIJJjKgBIAVAD&rclk=1
2026-10-09	fabrica-de-fum	Fabrica de Fum	Producător	5,0		fabricadefum.ro	site próprio	https://www.google.com/maps/place/Fabrica+de+Fum/data=!4m7!3m6!1s0x40cafa5b38472643:0xa71a5345c4891dfc!8m2!3d47.1225636!4d27.5625668!16s%2Fg%2F11hb702l2s!19sChIJQyZHOFv6ykAR_B2JxEVTGqc?authuser=0&hl=ro&g_ep=EgoyMDI2MTAwNi4wIJJjKgBIAVAD&rclk=1
2026-10-09	fabricat-in-ro	Fabricat în RO	Agenție de comerț electronic	5,0		fabricatinro.ro	site próprio	https://www.google.com/maps/place/Fabricat+%C3%AEn+RO/data=!4m7!3m6!1s0x40cafb76345769d5:0x3af07c10782dc80c!8m2!3d47.1267392!4d27.5687108!16s%2Fg%2F11g1dvglwq!19sChIJ1WlXNHb7ykARDMgteBB88Do?authuser=0&hl=ro&g_ep=EgoyMDI2MTAwNi4wIJJjKgBIAVAD&rclk=1
2026-10-09	farmacia-veterinara-firavet-iasi	Farmacia Veterinară Firavet Iași	Farmacie veterinară	4,8	21		fora (sem telemóvel)	https://www.google.com/maps/place/Farmacia+Veterinar%C4%83+Firavet+Ia%C8%99i/data=!4m7!3m6!1s0x40cafbfbf494656d:0xf2ab7616ada80a39!8m2!3d47.155289!4d27.6264779!16s%2Fg%2F11tnvt821b!19sChIJbWWU9Pv7ykAROQqorRZ2q_I?authuser=0&hl=ro&g_ep=EgoyMDI2MTAwNi4wIJJjKgBIAVAD&rclk=1
2026-10-09	farmacie-si-cabinet-veterinar-maramold	Farmacie si Cabinet Veterinar Maramold	Farmacie veterinară	4,6			fora (sem telemóvel)	https://www.google.com/maps/place/Farmacie+si+Cabinet+Veterinar+Maramold/data=!4m7!3m6!1s0x40cafb88aa323e19:0x6b97afc977f2b5e!8m2!3d47.1629122!4d27.6064722!16s%2Fg%2F11f15hgvly!19sChIJGT4yqoj7ykARXit_l_x6uQY?authuser=0&hl=ro&g_ep=EgoyMDI2MTAwNi4wIJJjKgBIAVAD&rclk=1
2026-10-09	farmacie-veterinara-tom-samia	Farmacie Veterinara Tom & Samia	Farmacie veterinară	4,8			fora (sem telemóvel)	https://www.google.com/maps/place/Farmacie+Veterinara+Tom+%26+Samia/data=!4m7!3m6!1s0x40cafb8c041502cf:0xd7351f5a6dbdbab9!8m2!3d47.1603457!4d27.6130598!16s%2Fg%2F11fxb5xg5r!19sChIJzwIVBIz7ykARubq9bVofNdc?authuser=0&hl=ro&g_ep=EgoyMDI2MTAwNi4wIJJjKgBIAVAD&rclk=1
2026-10-09	floraria-petalia	Floraria Petalia	Florărie	4,8	51	petaliaiasi.ro	site próprio	https://www.google.com/maps/place/Floraria+Petalia/data=!4m7!3m6!1s0x40cafb5535c64ea9:0xebae945f9937347f!8m2!3d47.141879!4d27.5806357!16s%2Fg%2F11z77t72km!19sChIJqU7GNVX7ykARfzQ3mV-Urus?authuser=0&hl=ro&g_ep=EgoyMDI2MTAwNi4wIJJjKgBIAVAD&rclk=1
2026-10-09	fresco-jugo	Fresco Jugo	Magazin cu sucuri	4,9			sem site	https://www.google.com/maps/place/Fresco+Jugo/data=!4m7!3m6!1s0x40cae5c600d48f11:0x622a087689db7ea5!8m2!3d47.188895!4d27.4495062!16s%2Fg%2F11jh4swt88!19sChIJEY_UAMblykARpX7biXYIKmI?authuser=0&hl=ro&g_ep=EgoyMDI2MTAwNi4wIJJjKgBIAVAD&rclk=1
2026-10-09	frezcobar-barbershop	💈Frezcobar Barbershop 💈	Frizerie	4,7			sem site (reserva)	https://www.google.com/maps/place/%F0%9F%92%88Frezcobar+Barbershop+%F0%9F%92%88/data=!4m7!3m6!1s0x40cafb007526dc3b:0x80c28b33ea15fa41!8m2!3d47.1736725!4d27.5595991!16s%2Fg%2F11yf29wcp_!19sChIJO9wmdQD7ykARQfoV6jOLwoA?authuser=0&hl=ro&g_ep=EgoyMDI2MTAwNi4wIJJjKgBIAVAD&rclk=1
2026-10-09	frizerie-la-lucik	Frizerie la Lucik	Frizerie	4,4			sem site (reserva)	https://www.google.com/maps/place/Frizerie+la+Lucik/data=!4m7!3m6!1s0x40cafb5ad0482fcf:0xa74b0a3d86f58c83!8m2!3d47.1737212!4d27.5569525!16s%2Fg%2F11sgprhzjc!19sChIJzy9I0Fr7ykARg4z1hj0KS6c?authuser=0&hl=ro&g_ep=EgoyMDI2MTAwNi4wIJJjKgBIAVAD&rclk=1
2026-10-09	frizerie-melany	Frizerie Melany	Frizerie	4,6			fora (sem telemóvel)	https://www.google.com/maps/place/Frizerie+Melany/data=!4m7!3m6!1s0x40cafb500434f191:0xb76e8cd9a800775d!8m2!3d47.17439!4d27.5476471!16s%2Fg%2F11h3mddgqt!19sChIJkfE0BFD7ykARXXcAqNmMbrc?authuser=0&hl=ro&g_ep=EgoyMDI2MTAwNi4wIJJjKgBIAVAD&rclk=1
2026-10-09	gentes-pilates	Gentes Pilates	Sală pentru exerciții Pilates	5,0			sem site (reserva)	https://www.google.com/maps/place/Gentes+Pilates/data=!4m7!3m6!1s0x40cae5fe57833bc3:0xfcd86c307da85856!8m2!3d47.179444!4d27.5304398!16s%2Fg%2F11lv207gcg!19sChIJwzuDV_7lykARVliofTBs2Pw?authuser=0&hl=ro&g_ep=EgoyMDI2MTAwNy4wIJJjKgBIAVAD&rclk=1
2026-10-09	idalia	IDALIA	Florărie	5,0	40		sem site	https://www.google.com/maps/place/IDALIA/data=!4m7!3m6!1s0x40cafbbc961392f7:0x91b452566bc92dad!8m2!3d47.1419403!4d27.5804496!16s%2Fg%2F11z4c_7815!19sChIJ95ITlrz7ykARrS3Ja1ZStJE?authuser=0&hl=ro&g_ep=EgoyMDI2MTAwNi4wIJJjKgBIAVAD&rclk=1
2026-10-09	indus-spice-is-life-iasi	indus - spice is life (Iași)	Restaurant cu specific pakistanez	4,9	431	indusrestaurant.ro	site próprio	https://www.google.com/maps/place/indus+-+spice+is+life+%28Ia%C8%99i%29/data=!4m7!3m6!1s0x40cafbfd5b13ad8f:0xbc6cdfda615ecb5c!8m2!3d47.1551104!4d27.5839747!16s%2Fg%2F11kp_8m8tw!19sChIJj60TW_37ykARXMteYdrfbLw?authuser=0&hl=ro&g_ep=EgoyMDI2MTAwNi4wIJJjKgBIAVAD&rclk=1
2026-10-09	jb-autoax-dinamic	JB.Autoax Dinamic	Service auto	4,7			sem site (reserva)	https://www.google.com/maps/place/JB.Autoax+Dinamic/data=!4m7!3m6!1s0x40cafb84612ec267:0xcea4f26f55fb1182!8m2!3d47.1623839!4d27.5989123!16s%2Fg%2F11b86wmfd6!19sChIJZ8IuYYT7ykARghH7VW_ypM4?authuser=0&hl=ro&g_ep=EgoyMDI2MTAwNi4wIJJjKgBIAVAD&rclk=1
2026-10-09	joint	JOINT	Restaurant fast food	4,7		jointfood.ro	site próprio	https://www.google.com/maps/place/JOINT/data=!4m7!3m6!1s0x40cafb18697267f7:0xa046f8d4402e1126!8m2!3d47.1554035!4d27.5835237!16s%2Fg%2F11scrbw3fl!19sChIJ92dyaRj7ykARJhEuQNT4RqA?authuser=0&hl=ro&g_ep=EgoyMDI2MTAwNi4wIJJjKgBIAVAD&rclk=1
2026-10-09	lifetime-pilates	Lifetime Pilates	Sală pentru exerciții Pilates	5,0	10		sem site (reserva)	https://www.google.com/maps/place/Lifetime+Pilates/data=!4m7!3m6!1s0x40cafb007ddd68bb:0x187e9dda1b596b12!8m2!3d47.1595775!4d27.5774035!16s%2Fg%2F11vqbhd5px!19sChIJu2jdfQD7ykAREmtZG9qdfhg?authuser=0&hl=ro&g_ep=EgoyMDI2MTAwNy4wIJJjKgBIAVAD&rclk=1
2026-10-09	ma-at-pilates	MA'AT Pilates	Sală pentru exerciții Pilates	4,9	33	maatpilates.ro	site próprio	https://www.google.com/maps/place/MA%27AT+Pilates/data=!4m7!3m6!1s0x40cafbe5eebe9c59:0x81db7367d8029c74!8m2!3d47.154898!4d27.5952042!16s%2Fg%2F11wwj3yt09!19sChIJWZy-7uX7ykARdJwC2Gdz24E?authuser=0&hl=ro&g_ep=EgoyMDI2MTAwNy4wIJJjKgBIAVAD&rclk=1
2026-10-09	micibau	Micibau	Magazin de articole pentru animale de companie	4,5			sem site (reserva)	https://www.google.com/maps/place/Micibau/data=!4m7!3m6!1s0x40cafb47883cb459:0x59d6f37529935630!8m2!3d47.167357!4d27.595066!16s%2Fg%2F11h54lpgz2!19sChIJWbQ8iEf7ykARMFaTKXXz1lk?authuser=0&hl=ro&g_ep=EgoyMDI2MTAwNi4wIJJjKgBIAVAD&rclk=1
2026-10-09	muzza-divine-beauty	Muzza Divine Beauty	Salon de înfrumusețare	4,8		muzza.ro	site próprio	https://www.google.com/maps/place/Muzza+Divine+Beauty/data=!4m7!3m6!1s0xa07fbf869c6c0007:0xc2dc7f0015317aaf!8m2!3d47.174065!4d27.5523286!16s%2Fg%2F11y2r07n9c!19sChIJBwBsnIa_f6ARr3oxFQB_3MI?authuser=0&hl=ro&g_ep=EgoyMDI2MTAwNi4wIJJjKgBIAVAD&rclk=1
2026-10-09	niobal-auto	NIOBAL auto	Service auto	4,6	63		sem site	https://www.google.com/maps/place/NIOBAL+auto/data=!4m7!3m6!1s0x40cafbe4ae966a1d:0xfbf75da1fb296793!8m2!3d47.1494407!4d27.6343421!16s%2Fg%2F11gf5vbf9z!19sChIJHWqWruT7ykARk2cp-6Fd9_s?authuser=0&hl=ro&g_ep=EgoyMDI2MTAwNi4wIJJjKgBIAVAD&rclk=1
2026-10-09	pethealth-cabinet-si-farmacie-veterina	PetHealth - Cabinet si farmacie veterinara	Medic veterinar	5,0	61		fora (sem telemóvel)	https://www.google.com/maps/place/PetHealth+-+Cabinet+si+farmacie+veterinara/data=!4m7!3m6!1s0x40cafba75718fdb5:0xa4eacd7a7a16cecc!8m2!3d47.144477!4d27.5758312!16s%2Fg%2F11jzgy3ljx!19sChIJtf0YV6f7ykARzM4WenrN6qQ?authuser=0&hl=ro&g_ep=EgoyMDI2MTAwNi4wIJJjKgBIAVAD&rclk=1
2026-10-09	pilates-body-face-copou	Pilates Body & Face Copou	Sală pentru exerciții Pilates	5,0		pilatescopouiasi.ro	site próprio	https://www.google.com/maps/place/Pilates+Body+%26+Face+Copou/data=!4m7!3m6!1s0x40cafb5ff8190ecd:0xee57df848665e328!8m2!3d47.1756224!4d27.5808746!16s%2Fg%2F11rsdf7d98!19sChIJzQ4Z-F_7ykARKONlhoTfV-4?authuser=0&hl=ro&g_ep=EgoyMDI2MTAwNy4wIJJjKgBIAVAD&rclk=1
2026-10-09	pilates-fusion-studio	Pilates Fusion Studio	Sală pentru exerciții Pilates	5,0	23		sem site	https://www.google.com/maps/place/Pilates+Fusion+Studio/data=!4m7!3m6!1s0x40cafba9b6b622e3:0x67ff6cb067fc02d9!8m2!3d47.1391709!4d27.5756868!16s%2Fg%2F11h0g_7ph9!19sChIJ4yK2tqn7ykAR2QL8Z7Bs_2c?authuser=0&hl=ro&g_ep=EgoyMDI2MTAwNy4wIJJjKgBIAVAD&rclk=1
2026-10-09	pizzeria-n-ton	Pizzeria 'N Ton	Pizzerie	4,9		pizza-n-ton.ro	site próprio	https://www.google.com/maps/place/Pizzeria+%27N+Ton/data=!4m7!3m6!1s0x40cafba0f79063cd:0x670c90e556429507!8m2!3d47.1368962!4d27.6064371!16s%2Fg%2F11vr317y7r!19sChIJzWOQ96D7ykARB5VCVuWQDGc?authuser=0&hl=ro&g_ep=EgoyMDI2MTAwNi4wIJJjKgBIAVAD&rclk=1
2026-10-09	pmc-detailing	PMC DETAILING	Spălătorie auto	5,0	19		fora (sem telemóvel)	https://www.google.com/maps/place/PMC+DETAILING/data=!4m7!3m6!1s0x40cafbf2d5d88e29:0x4b650015c745cfc7!8m2!3d47.12263!4d27.562267!16s%2Fg%2F11k9s4txpv!19sChIJKY7Y1fL7ykARx89FxxUAZUs?authuser=0&hl=ro&g_ep=EgoyMDI2MTAwNi4wIJJjKgBIAVAD&rclk=1
2026-10-09	raftul-naturii	Raftul Naturii	Magazin	5,0	17	raftulnaturii.ro	site próprio	https://www.google.com/maps/place/Raftul+Naturii/data=!4m7!3m6!1s0x40b1ff4f83da8523:0x6f73b0ceb3658539!8m2!3d47.1739873!4d27.5032626!16s%2Fg%2F11lky78_5f!19sChIJI4Xag0__sUAROYVls86wc28?authuser=0&hl=ro&g_ep=EgoyMDI2MTAwNi4wIJJjKgBIAVAD&rclk=1
2026-10-09	roxette	Roxette	Salon de înfrumusețare	4,7			sem site	https://www.google.com/maps/place/Roxette/data=!4m7!3m6!1s0x40cafb507fb92e2f:0x5804daaf0ddbde80!8m2!3d47.1748371!4d27.5484142!16s%2Fg%2F11g9qmtqdn!19sChIJLy65f1D7ykARgN7bDa_aBFg?authuser=0&hl=ro&g_ep=EgoyMDI2MTAwNi4wIJJjKgBIAVAD&rclk=1
2026-10-09	service-auto-reglare-unghiuri	Service Auto Reglare Unghiuri	Atelier de reparații auto	4,6	25		sem site	https://www.google.com/maps/place/Service+Auto+Reglare+Unghiuri/data=!4m7!3m6!1s0x40cafb8b96bc0001:0x461e64ac42360306!8m2!3d47.1610864!4d27.6155709!16s%2Fg%2F11txv1svnn!19sChIJAQC8lov7ykARBgM2QqxkHkY?authuser=0&hl=ro&g_ep=EgoyMDI2MTAwNi4wIJJjKgBIAVAD&rclk=1
2026-10-09	servicii-de-cosmetica-pacurari	Servicii de Cosmetică Păcurari	Salon de înfrumusețare	4,5	64		sem site	https://www.google.com/maps/place/Servicii+de+Cosmetic%C4%83+P%C4%83curari/data=!4m7!3m6!1s0x40cafb5b9148f12f:0x61ff5fe523aaa10d!8m2!3d47.1738274!4d27.5558641!16s%2Fg%2F11g9vrbknj!19sChIJL_FIkVv7ykARDaGqI-Vf_2E?authuser=0&hl=ro&g_ep=EgoyMDI2MTAwNi4wIJJjKgBIAVAD&rclk=1
2026-10-09	servisare-la-piticu	SERVISARE LA PITICU	Atelier mecanic auto	5,0			sem site (reserva)	https://www.google.com/maps/place/SERVISARE+LA+PITICU/data=!4m7!3m6!1s0x40cafb3dd8c192df:0x7943b1d399f34a0b!8m2!3d47.1625482!4d27.6140957!16s%2Fg%2F11ldc_7_3k!19sChIJ35LB2D37ykARC0rzmdOxQ3k?authuser=0&hl=ro&g_ep=EgoyMDI2MTAwNi4wIJJjKgBIAVAD&rclk=1
2026-10-09	sky-pilates-social-club	Sky Pilates Social Club	Sală pentru exerciții Pilates	5,0	12	thepilatesocialclub.ro	site próprio	https://www.google.com/maps/place/Sky+Pilates+Social+Club/data=!4m7!3m6!1s0x40cafb00b7f39493:0x363f71c0b300b2f0!8m2!3d47.1563042!4d27.5910954!16s%2Fg%2F11md71ck08!19sChIJk5TztwD7ykAR8LIAs8BxPzY?authuser=0&hl=ro&g_ep=EgoyMDI2MTAwNy4wIJJjKgBIAVAD&rclk=1
2026-10-09	status-coffee	Status Coffee	Cafenea	4,9	332		sem site	https://www.google.com/maps/place/Status+Coffee/data=!4m7!3m6!1s0x40cafb9eb3bd9fb9:0x56adf1995e3f3686!8m2!3d47.1555563!4d27.5891149!16s%2Fg%2F11c1yyhyr7!19sChIJuZ-9s577ykARhjY_XpnxrVY?authuser=0&hl=ro&g_ep=EgoyMDI2MTAwNi4wIJJjKgBIAVAD&rclk=1
2026-10-09	swallow-pilates	Swallow Pilates	Sală pentru exerciții Pilates	5,0	31		sem site	https://www.google.com/maps/place/Swallow+Pilates/data=!4m7!3m6!1s0x40cafb001c21a4c5:0x932e15975bf675ae!8m2!3d47.1644555!4d27.587489!16s%2Fg%2F11vy0l3cdv!19sChIJxaQhHAD7ykARrnX2W5cVLpM?authuser=0&hl=ro&g_ep=EgoyMDI2MTAwNy4wIJJjKgBIAVAD&rclk=1
2026-10-09	teo-s-cafe-bucium	Teo's Cafe - Bucium	Cafenea	4,4		teoscafe.ro	site próprio	https://www.google.com/maps/place/Teo%27s+Cafe+-+Bucium/data=!4m7!3m6!1s0x40cafbd436fa9e25:0xdd7589d0666bdd93!8m2!3d47.1313123!4d27.6126976!16s%2Fg%2F11tg5f6d81!19sChIJJZ76NtT7ykARk91rZtCJdd0?authuser=0&hl=ro&g_ep=EgoyMDI2MTAwNi4wIJJjKgBIAVAD&rclk=1
2026-10-09	tonusplus	TonusPlus	Sală pentru exerciții Pilates	4,8		tonusplus.ro	site próprio	https://www.google.com/maps/place/TonusPlus/data=!4m7!3m6!1s0x40cafb82735cbc9b:0xc420ba1895eb693c!8m2!3d47.164896!4d27.5914523!16s%2Fg%2F1hc2kd8pz!19sChIJm7xcc4L7ykARPGnrlRi6IMQ?authuser=0&hl=ro&g_ep=EgoyMDI2MTAwNy4wIJJjKgBIAVAD&rclk=1
2026-10-09	total-fauna	Total Fauna	Serviciu de salvare a animalelor	4,6	54		sem site	https://www.google.com/maps/place/Total+Fauna/data=!4m7!3m6!1s0x40cafba50eb4c71f:0x8cb319d576d2827c!8m2!3d47.144466!4d27.582603!16s%2Fg%2F1hd_c9305!19sChIJH8e0DqX7ykARfILSdtUZs4w?authuser=0&hl=ro&g_ep=EgoyMDI2MTAwNi4wIJJjKgBIAVAD&rclk=1
2026-10-09	unikvet	UNIKVET	Serviciu veterinar de urgență	4,7	54	unikvet.wordpress.com	site próprio	https://www.google.com/maps/place/UNIKVET/data=!4m7!3m6!1s0x40cafb896bb1a701:0xc5ea9fe7cf7dbe5d!8m2!3d47.1614845!4d27.6117529!16s%2Fg%2F12qg_9l21!19sChIJAaexa4n7ykARXb59z-ef6sU?authuser=0&hl=ro&g_ep=EgoyMDI2MTAwNi4wIJJjKgBIAVAD&rclk=1
2026-10-09	vet-animal-house	VET ANIMAL HOUSE	Medic veterinar	5,0	24		sem site (reserva)	https://www.google.com/maps/place/VET+ANIMAL+HOUSE/data=!4m7!3m6!1s0x40cafb6ccc534a51:0x9b86f0f2b0dba9f9!8m2!3d47.1637776!4d27.6122772!16s%2Fg%2F11h7g51dr9!19sChIJUUpTzGz7ykAR-anbsPLwhps?authuser=0&hl=ro&g_ep=EgoyMDI2MTAwNi4wIJJjKgBIAVAD&rclk=1
2026-10-09	vetcare-cabinet-veterinar-si-farmacie-	Vetcare Cabinet Veterinar și Farmacie Iași	Clinică veterinară	4,8		vetcareiasi.ro	site próprio	https://www.google.com/maps/place/Vetcare+Cabinet+Veterinar+%C8%99i+Farmacie+Ia%C8%99i/data=!4m7!3m6!1s0x40cafbaa14edf3c5:0x432d81188ff6d6f4!8m2!3d47.1617473!4d27.6076132!16s%2Fg%2F11j4y5bx95!19sChIJxfPtFKr7ykAR9Nb2jxiBLUM?authuser=0&hl=ro&g_ep=EgoyMDI2MTAwNi4wIJJjKgBIAVAD&rclk=1
2026-10-09	veterinary-point-of-care	Veterinary point of care	Medic veterinar	4,8			sem site	https://www.google.com/maps/place/Veterinary+point+of+care/data=!4m7!3m6!1s0x40cafbb241ee5637:0x4e1b2994dac2daad!8m2!3d47.158945!4d27.61858!16s%2Fg%2F11gsn670ws!19sChIJN1buQbL7ykARrdrC2pQpG04?authuser=0&hl=ro&g_ep=EgoyMDI2MTAwNi4wIJJjKgBIAVAD&rclk=1
2026-10-09	vogue	Vogue	Salon de înfrumusețare	4,8			sem site	https://www.google.com/maps/place/Vogue/data=!4m7!3m6!1s0x40cafb5c3130f56d:0xdff4dcda6cf636ac!8m2!3d47.1736561!4d27.5603124!16s%2Fg%2F11fjtwfw_k!19sChIJbfUwMVz7ykARrDb2bNrc9N8?authuser=0&hl=ro&g_ep=EgoyMDI2MTAwNi4wIJJjKgBIAVAD&rclk=1
2026-10-09	vulcanizarea-galata	Vulcanizarea Galata	Vulcanizare	4,7			sem site	https://www.google.com/maps/place/Vulcanizarea+Galata/data=!4m7!3m6!1s0x40cafb5619b2385d:0x85500d31d47b2bbe!8m2!3d47.1510639!4d27.565924!16s%2Fg%2F11rsk7c4nx!19sChIJXTiyGVb7ykARvit71DENUIU?authuser=0&hl=ro&g_ep=EgoyMDI2MTAwNi4wIJJjKgBIAVAD&rclk=1
