semana	cidade	tipo	nome	nota	avaliacoes	tel	whatsapp	morada	maps	estado	notas
2026-10-08	Iași	contabil	Euro Cont Expert	4,9		+40 747 955 955	?	Str. Mănăstirii 1A	https://www.google.com/maps/place/Firma+contabilitate+iasi+-+Infiintari+firme+iasi+-+Euro+Cont+Expert+Iasi/data=!4m7!3m6!1s0x40cafb1a31c59fcb:0x978bc49830bbcf41!8m2!3d47.1445352!4d27.5697753!16s%2Fg%2F11n_1nwxfq!19sChIJy5_FMRr7ykARQc-7MJjEi5c	por contactar	Também abre firmas.
2026-10-08	Iași	contabil	Finova Expert	5,0		+40 740 254 712	?	Bd. Poitiers 2	https://www.google.com/maps/place/Finova+Expert/data=!4m7!3m6!1s0x40cafb073e3c3123:0x6f4f762cbf2487b2!8m2!3d47.1368765!4d27.601089!16s%2Fg%2F11yd0m7xb2!19sChIJIzE8Pgf7ykARsockvyx2T28	por contactar	
2026-10-08	Iași	contabil	Kont is Mem (expert contabil)	5,0		+40 752 836 217	?	Str. Sfântul Lazăr 27	https://www.google.com/maps/place/Expert+Contabil+-+Kont+is+Mem/data=!4m7!3m6!1s0x40cafb001db25945:0xacc3103b48a466b2!8m2!3d47.1558396!4d27.5908797!16s%2Fg%2F11zj5sngy1!19sChIJRVmyHQD7ykARsmakSDsQw6w	por contactar	
2026-10-08	Iași	contabil	ContaVibe	5,0		+40 753 694 337	?	Str. Cerna 15	https://www.google.com/maps/place/Contabil+Iasi+%E2%94%82+Firma+Contabilitate+Iasi+%E2%94%82ContaVibe/data=!4m7!3m6!1s0x2e0dc404506d71ef:0xd93ad76473caca2e!8m2!3d47.1534312!4d27.5675419!16s%2Fg%2F11m65074rg!19sChIJ73FtUATEDS4RLsrKc2TXOtk	por contactar	
2026-10-08	Iași	contabil	KONTTO	5,0		+40 741 711 594	?	Calea Chișinăului 45, et. 1	https://www.google.com/maps/place/KONTTO+-+Accounting.+The+right+way/data=!4m7!3m6!1s0x40caf927a9783ca1:0x72e20ee3ad055341!8m2!3d47.1438786!4d27.6404056!16s%2Fg%2F11ppr2q12w!19sChIJoTx4qSf5ykARQVMFreMO4nI	por contactar	
2026-10-08	Iași	contabil	PAM Expert Conta	4,9		+40 745 149 417	?	Aleea Iftimie Bârleanu 15G	https://www.google.com/maps/place/PAM+EXPERT+CONTA+SRL+-+Servicii+complete+de+contabilitate+-+Infiintari+firme+-+Iasi/data=!4m7!3m6!1s0x40cafb1e4ea4bd1f:0xa30ab7b3b1562c7b!8m2!3d47.1408111!4d27.5516461!16s%2Fg%2F11s5ctdd92!19sChIJH72kTh77ykAReyxWsbO3CqM	por contactar	
2026-10-08	Iași	contabil	Wellcount	5,0		+40 728 003 800	?	Str. Sărărie 6	https://www.google.com/maps/place/Wellcount+-+Servicii+contabilitate+%26+Consultanta+fiscala/data=!4m7!3m6!1s0x8673074b220bdd17:0x67d7263c6e6b7cec!8m2!3d47.1646791!4d27.5912216!16s%2Fg%2F11vd74rcn0!19sChIJF90LIksHc4YR7Hxrbjwm12c	por contactar	
2026-10-08	Iași	contabil	FICO Cabinet de Contabilitate	5,0		+40 742 617 616	?	Aleea Mihail Sadoveanu 59B	https://www.google.com/maps/place/FICO+Cabinet+de+Contabilitate+in+Iasi/data=!4m7!3m6!1s0x40cae3e4b1d71651:0x2466c2219e7813cd!8m2!3d47.2013269!4d27.5363738!16s%2Fg%2F11rzfl2kcy!19sChIJURbXseTjykARzRN4niHCZiQ	por contactar	
2026-10-08	Iași	infiintare	Înființări firme Iași (B2B Nati)	5,0		+40 753 942 443	?	Str. Mușatini 55, bl. R2, sc. D, parter	https://www.google.com/maps/place/INFIINTARI+FIRME+%28SRL,PFA,II%29+IASI+-+B2B+NATION/data=!4m7!3m6!1s0x40cafbf57ab53c3f:0x17b8f888dc47d69!8m2!3d47.1622597!4d27.5607903!16s%2Fg%2F11tf_37dp0!19sChIJPzy1evX7ykARaX3EjYiPewE	por contactar	
2026-10-08	Iași	infiintare	Înființări SRL Iași	4,9		+40 745 902 390	?	Str. Arcu 5, bl. TAROM, parter	https://www.google.com/maps/place/Infiintari+SRL+iasi/data=!4m7!3m6!1s0x40cafbe67ff8e9f7:0xade5de577497cafe!8m2!3d47.1662086!4d27.5775454!16s%2Fg%2F11h7f_r5_8!19sChIJ9-n4f-b7ykAR_sqXdFfe5a0	por contactar	
2026-10-08	Iași	infiintare	Antreprenor.eu	4,6		+40 746 227 755	?	Str. Arcu 5	https://www.google.com/maps/place/Infiintari+firme+Iasi+-+Antreprenor.eu/data=!4m7!3m6!1s0x40cafb7aebae4db1:0x384136071cd9392c!8m2!3d47.1661531!4d27.5776543!16s%2Fg%2F11c2l3zjh3!19sChIJsU2u63r7ykARLDnZHAc2QTg	por contactar	
2026-10-08	Iași	infiintare	Găzduire Sediu Social Iași	5,0		+40 747 598 035	?		https://www.google.com/maps/place/Gazduire+Sediu+Social+Iasi/data=!4m7!3m6!1s0x40cafb17c376f293:0x1109dbf420f80227!8m2!3d47.1690006!4d27.5799527!16s%2Fg%2F11kc13x0tl!19sChIJk_J2wxf7ykARJwL4IPTbCRE	por contactar	Dá sede social a firmas acabadas de abrir: veem cada firma nova.
2026-10-08	Iași	case-marcat	Adpos Technology (case de marcat)	5,0		+40 743 239 200	?	Șos. Națională 5	https://www.google.com/maps/place/Adpos+Technology+S.R.L.+-+Case+de+Marcat,+Cantare,+Cititoare+Coduri+de+Bare,+Imprimante+de+Etichete,+Consumabile/data=!4m7!3m6!1s0x40cafb01b6604407:0x206a959d36ef030e!8m2!3d47.1610779!4d27.5715954!16s%2Fg%2F11fm9s9nd9!19sChIJB0RgtgH7ykARDgPvNp2VaiA	por contactar	
2026-10-08	Iași	case-marcat	Fisco Driver (case de marcat)	5,0		+40 757 651 416	?		https://www.google.com/maps/place/Fisco+Driver+Case+Marcat+Datecs,+Daisy,+Tremol/data=!4m7!3m6!1s0x40cae5b5bbd5b799:0x4fb806b843a75415!8m2!3d45.9425072!4d25.0201084!16s%2Fg%2F11f7skzt76!19sChIJmbfVu7XlykARFVSnQ7gGuE8	por contactar	
2026-10-08	Iași	case-marcat	INITA Fiscal	5,0		+40 744 575 152	?	Str. Mitropolit Varlaam 11	https://www.google.com/maps/place/INITA+FISCAL+SRL/data=!4m7!3m6!1s0x40cafb4c15e0c8a9:0xd0f9ad4455f73b23!8m2!3d47.1456667!4d27.5867898!16s%2Fg%2F11xtk98004!19sChIJqcjgFUz7ykARIzv3VUSt-dA	por contactar	
2026-10-08	Iași	case-marcat	ECR Serv Iași	4,6		+40 232 259 334	não (fixo)	Bloc D3, Bulevardul Primăverii, sc. B, ap. 4	https://www.google.com/maps/place/ECR+SERV+IA%C5%9EI+SRL-CASE+DE+MARCAT/data=!4m7!3m6!1s0x40cafb970f152f6b:0xe055325f7b037380!8m2!3d47.1519564!4d27.5976884!16s%2Fg%2F1hc1qph89!19sChIJay8VD5f7ykARgHMDe18yVeA	por contactar	
2026-10-08	Iași	reclame	Stra Rom - Litere Volumetrice			+40 743 222 100	?	Șos. Bucium 53	https://www.google.com/maps/place/Stra+Rom+-+Litere+Volumetrice+Ia%C8%99i/data=!4m7!3m6!1s0x40cafbc86411f317:0xba4d42284ffaca7f!8m2!3d47.1283843!4d27.6161175!16s%2Fg%2F119wptv1m!19sChIJF_MRZMj7ykARf8r6TyhCTbo	por contactar	
2026-10-08	Iași	reclame	Todo Reclame Luminoase			+40 757 918 861	?	Str. Ciurchi	https://www.google.com/maps/place/Todo/data=!4m7!3m6!1s0x40cafb4d6fe51f39:0xd4c023f45179663c!8m2!3d47.1554544!4d27.6148644!16s%2Fg%2F11s3qg248h!19sChIJOR_lb037ykARPGZ5UfQjwNQ	por contactar	
2026-10-08	Iași	reclame	Magnius			+40 749 247 341	?	Str. Livezii 5	https://www.google.com/maps/place/MAGNIUS/data=!4m7!3m6!1s0x40cae25a3fffffff:0xd004b384f488376d!8m2!3d47.2815288!4d27.5161176!16s%2Fg%2F1vhq26jp!19sChIJ____P1riykARbTeI9ISzBNA	por contactar	
2026-10-08	Iași	reclame	Litere Luminoase			+40 744 256 735	?	Str. Alexandru Cazaban 17A	https://www.google.com/maps/place/Litere+Luminoase/data=!4m7!3m6!1s0x474647d157ea2d77:0x46894a65b5158021!8m2!3d47.064943!4d21.910824!16s%2Fg%2F11sdskt_2d!19sChIJdy3qV9FHRkcRIYAVtWVKiUY	por contactar	
2026-10-08	Iași	tipografie	FlyerPrint	4,8		+40 732 359 359	?	Str. Lascăr Catargi 61	https://www.google.com/maps/place/FlyerPrint/data=!4m7!3m6!1s0x40cafd3bd3dbde8b:0xbf420fcf20e4094f!8m2!3d47.178694!4d27.5748703!16s%2Fg%2F11h7p8mgyf!19sChIJi97b0zv9ykARTwnkIM8PQr8	por contactar	
2026-10-08	Iași	tipografie	Trofez Print	5,0		+40 755 032 249	?	Bd. Nicolae Iorga 51C	https://www.google.com/maps/place/Trofez+Print/data=!4m7!3m6!1s0x40cafbc48f7eefb9:0x91f01eb86532d308!8m2!3d47.1465549!4d27.5856555!16s%2Fg%2F11v9jm_v4z!19sChIJue9-j8T7ykARCNMyZbge8JE	por contactar	
2026-10-08	Iași	tipografie	Copy Center CopyKlar	5,0		+40 744 875 384	?	Bloc R4, ao lado da Optica OptiKlar	https://www.google.com/maps/place/Copy+Center+-+CopyKlar/data=!4m7!3m6!1s0x40cafb65be2fe375:0x6c305cffa19f30cc!8m2!3d47.1671923!4d27.5829527!16s%2Fg%2F11yvy584h6!19sChIJdeMvvmX7ykARzDCfof9cMGw	por contactar	
2026-10-08	Iași	tipografie	Royal Print	4,7		+40 726 666 690	?	Str. Bradului 5	https://www.google.com/maps/place/Royal+Print/data=!4m7!3m6!1s0x40cafbb03b3b8073:0x3dbed39916e42a5c!8m2!3d47.1462195!4d27.5797866!16s%2Fg%2F11b6vq3c_d!19sChIJc4A7O7D7ykARXCrkFpnTvj0	por contactar	
2026-10-08	Iași	tipografie	Tipografia Venus			+40 722 646 793	?	Str. Iordachi Lozonschi (Cloșca 28)	https://www.google.com/maps/place/Tipografia+Venus+Printing+Solutions/data=!4m7!3m6!1s0x40cafb70e7fdf257:0x53a5f2fa12abe8a0!8m2!3d47.1625944!4d27.5780407!16s%2Fg%2F1hm4_sp8x!19sChIJV_L953D7ykARoOirEvrypVM	por contactar	
2026-10-08	Iași	imobiliare	Lucian Creangă (hale, spații comerciale)			+40 747 853 410	?	Bd. Carol I 27	https://www.google.com/maps/place/Lucian+Creanga+-+Hale+Industriale,+Depozite,+Spatii+Comerciale/data=!4m7!3m6!1s0x40cafbdf667f2c7f:0x5998f2c60f0afeaa!8m2!3d47.1771757!4d27.5696932!16s%2Fg%2F11j2ly8v0g!19sChIJfyx_Zt_7ykARqv4KD8bymFk	por contactar	Agente de espaços comerciais: quem arrenda abre negócio.
2026-10-08	Iași	imobiliare	New House Imobiliare (spații comerciale)			+40 756 235 276	?	Str. Maior Eremia Popescu 1	https://www.google.com/maps/place/spatii+comerciale+Iasi+-+New+House+Imobiliare/data=!4m7!3m6!1s0x40cafb5041ea7471:0x5a2ad344b9e959cf!8m2!3d47.164493!4d27.5936638!16s%2Fg%2F11hdy2chcv!19sChIJcXTqQVD7ykARz1npuUTTKlo	por contactar	
2026-10-08	Iași	imobiliare	Spatii-Iasi			+40 232 215 700	não (fixo)	Piața Unirii 2	https://www.google.com/maps/place/Spatii-Iasi/data=!4m7!3m6!1s0x40cafb7b011aae83:0x5bba999db1f32778!8m2!3d47.1666666!4d27.5796911!16s%2Fg%2F11fx9cjsbl!19sChIJg64aAXv7ykAReCfzsZ2Zuls	por contactar	
2026-10-08	Iași	imobiliare	Stil Imobil (desde 2002)	4,9		+40 753 950 950	?	Str. Smârdan 1	https://www.google.com/maps/place/Stil+Imobil+-+din+2002/data=!4m7!3m6!1s0x40cafb821004768f:0x3c955c64096690d0!8m2!3d47.1584011!4d27.6007029!16s%2Fg%2F1hc42p3x2!19sChIJj3YEEIL7ykAR0JBmCWRclTw	por contactar	
2026-10-08	Iași	fonduri	Goodwill Consulting			+40 364 100 732	não (fixo)	Bd. Poitiers 16	https://www.google.com/maps/place/Goodwill+Consulting+-+Consultan%C8%9B%C4%83+Fonduri+Europene+Nerambusarbile+-+Ia%C8%99i/data=!4m7!3m6!1s0x40b56fe0dc0badf5:0xca012b8f742cd5a6!8m2!3d47.1337033!4d27.5733973!16s%2Fg%2F11g6njh28s!19sChIJ9a0L3OBvtUARptUsdI8rAco	por contactar	Consultor de fundos (pista do thread «Eventos de negócios em Iași»).
2026-10-08	Iași	fonduri	Expert Mind	4,7		+40 374 884 020	não (fixo)	Șos. Nicolina 10, clădirea Expert Mind	https://www.google.com/maps/place/Expert+Mind/data=!4m7!3m6!1s0x40cafbae53ad1315:0x5d9912462c4c9594!8m2!3d47.1402603!4d27.5790722!16s%2Fg%2F11bv2dpp5b!19sChIJFROtU677ykARlJVMLEYSmV0	por contactar	Consultor de fundos (pista do thread «Eventos de negócios em Iași»).
2026-10-08	Iași	fonduri	Conecta Consulting			+40 760 133 103	?	Bd. Chimiei 4	https://www.google.com/maps/place/Conecta+consulting+%7C+Consultanta+Fonduri+Europene+Nerambursabile/data=!4m7!3m6!1s0x40cafb60c7e1c36b:0x7b893fe126c2025f!8m2!3d47.1528776!4d27.608121!16s%2Fg%2F11tf0yvnmw!19sChIJa8Phx2D7ykARXwLCJuE_iXs	por contactar	
2026-10-08	Iași	fonduri	YXS Avalana			+40 756 011 606	?	Str. Iancu Flondor 6D	https://www.google.com/maps/place/YXS+AVALANA+-+Consultan%C8%9B%C4%83+fonduri+europene/data=!4m7!3m6!1s0x40cafb4a0b33ed19:0xd66da56fb6ac2a52!8m2!3d47.1788125!4d27.5410898!16s%2Fg%2F11nn6vb2k_!19sChIJGe0zC0r7ykARUiqstm-lbdY	por contactar	
2026-10-08	Iași	fonduri	Just Consulting Iași			+40 766 577 387	?	Șos. Nicolina 104	https://www.google.com/maps/place/Just+Consulting+Iasi+Fonduri+Europene/data=!4m7!3m6!1s0x40cafb82b9b72b71:0xba5fcd8e41ecc85a!8m2!3d47.127933!4d27.567672!16s%2Fg%2F11dxblqf_0!19sChIJcSu3uYL7ykARWsjsQY7NX7o	por contactar	
2026-10-08	Iași	horeca	AGAPA Horeca Solutions			+40 758 089 166	?	DN28 km 10	https://www.google.com/maps/place/AGAPA+Horeca+Solutions/data=!4m7!3m6!1s0x40cae5230abb2c85:0xc86cb0220dad5896!8m2!3d47.1827651!4d27.466187!16s%2Fg%2F11j_y7rj8y!19sChIJhSy7CiPlykARllitDSKwbMg	por contactar	
2026-10-08	Iași	horeca	VemaTech			+40 751 959 762	?	Aleea Păcurari 61, bl. 549	https://www.google.com/maps/place/VemaTech/data=!4m7!3m6!1s0x40cafb67914a061b:0x520b0741fc504bb3!8m2!3d47.1734757!4d27.5397304!16s%2Fg%2F11y5h23pj8!19sChIJGwZKkWf7ykARs0tQ_EEHC1I	por contactar	
2026-10-08	Iași	horeca	Maxigel Iași			+40 232 257 135	não (fixo)	Șos. Păcurari 77	https://www.google.com/maps/place/Maxigel+-+filiala+Iasi/data=!4m7!3m6!1s0x40cafb5df4d404d5:0xf422ec854c48dbf8!8m2!3d47.1730511!4d27.5366685!16s%2Fg%2F1hc53s_vm!19sChIJ1QTU9F37ykAR-NtITIXsIvQ	por contactar	
2026-10-08	Faro	contabil	Zeroduvidas (Anabela Gago)	5,0		+351 910 550 467	?	Galeria Tridente, Av. 5 de Outubro 19	https://www.google.com/maps/place/Zeroduvidas+by+Anabela+Gago/data=!4m7!3m6!1s0xd0553d49fe371b3:0x619361255835f51d!8m2!3d37.0176423!4d-7.9273351!16s%2Fg%2F11n07tyl6s!19sChIJs3Hjn9RTBQ0RHfU1WCVhk2E	por contactar	
2026-10-08	Faro	contabil	Gesmaduro	5,0		+351 961 162 377	?	R. Castilho 27	https://www.google.com/maps/place/Gesmaduro,+Lda+-+Faro/data=!4m7!3m6!1s0xd055344b78c2877:0x22a251f07be0c1e2!8m2!3d37.0155532!4d-7.9322188!16s%2Fg%2F11yvdwvhz1!19sChIJdyiMt0RTBQ0R4sHge_BRoiI	por contactar	
2026-10-08	Faro	contabil	Tratamos Por Si	5,0		+351 911 014 838	?	Largo do Campo da Feira 22, 1.º B	https://www.google.com/maps/place/Tratamos+Por+Si.+PT/data=!4m7!3m6!1s0xd055350f68743e9:0xf945cd983d3f8226!8m2!3d37.0212281!4d-7.9354057!16s%2Fg%2F11r2hnbrd2!19sChIJ6UOH9lBTBQ0RJoI_PZjNRfk	por contactar	
2026-10-08	Faro	contabil	Celina e Lúcio	5,0		+351 926 239 675	?	R. Souto Mayor 20B	https://www.google.com/maps/place/Celina+e+L%C3%BAcio,+Lda/data=!4m7!3m6!1s0xd055368c142ba45:0xc86cdbfdfc63ce7f!8m2!3d37.0201562!4d-7.9315966!16s%2Fg%2F11sjtpxz0w!19sChIJRbpCwWhTBQ0Rf85j_P3bbMg	por contactar	
2026-10-08	Faro	contabil	Ready4Biz			+351 912 372 159	?	R. Almeida Garrett 57A	https://www.google.com/maps/place/Ready4Biz+Consultoria+e+Contabilidade+Lda/data=!4m7!3m6!1s0xd055388801fbbc5:0xfc2894b7026e9414!8m2!3d37.0186543!4d-7.9309926!16s%2Fg%2F11rhxn65d5!19sChIJxbsfgIhTBQ0RFJRuAreUKPw	por contactar	
2026-10-08	Faro	tipografie	Multicópias	4,6		+351 289 807 378	não (fixo)	R. de São Luís 34	https://www.google.com/maps/place/Multic%C3%B3pias+-+Centro+de+C%C3%B3pias/data=!4m7!3m6!1s0xd0552c59beb50af:0xd548d7fa5e309f38!8m2!3d37.0205987!4d-7.9297304!16s%2Fg%2F11c54djvst!19sChIJr1Drm8VSBQ0ROJ8wXvrXSNU	por contactar	
2026-10-08	Faro	tipografie	Gráfica Ossónoba	4,8		+351 289 991 734	não (fixo)	R. Vasco da Gama 47	https://www.google.com/maps/place/Gr%C3%A1fica+Oss%C3%B3noba,+Lda/data=!4m7!3m6!1s0xd0552c6bca47db5:0x7975dcc3e26fe738!8m2!3d37.0934851!4d-7.8950407!16s%2Fg%2F1tf5f_p8!19sChIJtX2kvMZSBQ0ROOdv4sPcdXk	por contactar	
2026-10-08	Faro	tipografie	Acerto Digital	4,9		+351 289 360 635	não (fixo)	EN125 n.º 273, Vale da Venda	https://www.google.com/maps/place/ACERTO+DIGITAL+-+Publicidade+e+solu%C3%A7%C3%B5es+gr%C3%A1ficas,+Lda./data=!4m7!3m6!1s0xd1ab2894fe8a2d7:0xc0f8784ed35d9faa!8m2!3d37.0690179!4d-7.9760772!16s%2Fg%2F1tfkb8q5!19sChIJ16LoT4myGg0Rqp9d0054-MA	por contactar	
2026-10-08	Faro	tipografie	Tipografia Vargas	4,9		+351 289 863 157	não (fixo)	Cerro do Bruxo 104A	https://www.google.com/maps/place/Tipografia+Vargas+Lda/data=!4m7!3m6!1s0xd1aad3b197d93ed:0x47a69d9a7dc6b87c!8m2!3d37.0340092!4d-7.9332595!16s%2Fg%2F1thnq0_k!19sChIJ7ZN9GTutGg0RfLjGfZqdpkc	por contactar	
2026-10-08	Faro	reclame	Reclalgarve			+351 289 818 033	não (fixo)	R. Prof. Dr. Egas Moniz 20	https://www.google.com/maps/place/Reclalgarve+-+Publicidade+e+Design+Lda/data=!4m7!3m6!1s0xd054d54e51a79c7:0x6fd943e6e9e9bc8!8m2!3d37.0299401!4d-7.9623842!16s%2Fg%2F1tdd1ypf!19sChIJx3ka5VRNBQ0RyJuebj6U_QY	por contactar	
