slug,nome,site,nota,avaliacoes,telefone,morada,ficha
cheffa-ia-i,Cheffa,https://www.cheffa.ro/,"4,6",,+40758852657,,iasi-ficha-cheffa-ia-i
tacos-king-ia-i,Tacos King,https://tacosking.ro/,"4,6",,+40730125713,,iasi-ficha-tacos-king-ia-i
atelier-maniere,Atelier Manière,http://www.ateliermaniere.ro/,"4,2",,+40728721271,,r2-atelier-maniere
atelierul-de-stil,Atelierul de Stil,https://atelieruldestil.ro/,"4,7",,+40757681755,,r2-atelierul-de-stil
autoservice-rapid-s-r-l,AUTOSERVICE RAPID S.R.L,https://service-rapid.ro/,"4,5",,+40758226187,,r2-autoservice-rapid-s-r-l
brutaria-artizanala-cosul-cu-p,Brutaria Artizanala - Cosul cu paini,http://www.cosulcupaini.ro/,"4,5",,+40773384225,,r2-brutaria-artizanala-cosul-cu-p
bujor,BUJOR,https://florariabujor.ro/floraria-bujor-copou/,"4,7",370,+40746600600,,r2-bujor
carciuma-veche,Cârciuma Veche,http://www.carciumaveche.ro/,"4,3",1.911,+40727255288,,r2-carciuma-veche
cofetaria-charlotte-centru,Cofetaria Charlotte - Centru,https://cofetariacharlotte.ro/,"4,4",380,+40771407357,,r2-cofetaria-charlotte-centru
cofetaria-tuffli,Cofetaria Tuffli,http://www.tuffli.ro/,"4,4",,+40735881992,,r2-cofetaria-tuffli
concept-trei,Concept TREI,http://www.concepttrei.ro/,"4,7",,+40749933383,,r2-concept-trei
doppio-zero-iasi,Doppio Zero Iași,http://doppiozero.ro/,"4,4",,+40751887711,,r2-doppio-zero-iasi
floraria-rosalia,Floraria Rosalia,https://floraria-rosalia.ro/,"4,6",330,+40742044115,,r2-floraria-rosalia
gist-specialty-coffee-shop,Gist Specialty Coffee Shop,https://gist.coffee/,"4,7",,+40748808019,,r2-gist-specialty-coffee-shop
iasi-spala-spalatorie-auto-sel,iaSi Spala Spalatorie Auto Self-Service,http://www.carwashservice.ro/,"4,1",864,+40743291000,,r2-iasi-spala-spalatorie-auto-sel
la-conac,La Conac,http://www.laconac-traditie.ro/,"4,4",2.261,+40747069119,,r2-la-conac
mamma-mia-restaurant-catering,Mamma Mia Restaurant & Catering,http://www.mammamia.ro/,"4,3",27,+40762662642,,r2-mamma-mia-restaurant-catering
one-beauty-concept,One Beauty Concept,https://saloniasi.ro/,"4,8",164,+40724900333,,r2-one-beauty-concept
pizza-di-napo,Pizza di Napo,http://www.pizzadinapo.ro/,"4,5",,+40790535570,,r2-pizza-di-napo
pizzeria-domneasca,Pizzeria Domnească,http://www.pizzeriadomneasca.ro/,"4,3",,+40232263423,,r2-pizzeria-domneasca
pizzeria-golfo-di-napoli-resta,Pizzeria Golfo Di Napoli - Restaurant & Pizzerie Iasi,https://golfodinapoli.ro/,"4,5",480,+40740990860,,r2-pizzeria-golfo-di-napoli-resta
red-hall-spalatorie-auto-vulca,RED HALL - Spălătorie Auto / Vulcanizare Iași,http://www.redhall.ro/,"4,1",,+40763202542,,r2-red-hall-spalatorie-auto-vulca
salon-beauty-nails-iasi-manich,Salon Beauty Nails Iasi manichiura si pedichiura,http://www.beautynailssaloniasi.ro/,"4,7",,+40751325690,,r2-salon-beauty-nails-iasi-manich
salon-ellisium-iasi,Salon Ellisium Iasi,https://ellisium.ro/,"4,7",,+40743085299,,r2-salon-ellisium-iasi
salon-freestyle,Salon Freestyle,http://www.salonfreestyle.ro/,"4,7",,+40740461157,,r2-salon-freestyle
salon-nuevo,Salon Nuevo,http://www.nuevosalon.ro/,"4,8",,+40374028709,,r2-salon-nuevo
sei-bella,Sei Bella,https://www.seibella.ro/,"4,6",868,+40771048682,,r2-sei-bella
service-auto-cosmo-motors,Service auto Cosmo Motors,https://cosmomotors.ro/,"4,8",,+40725531111,,r2-service-auto-cosmo-motors
spalatoria-auto-moonwash,Spalatoria auto MoonWash,http://moonwash.ro/,"4,7",95,+40751667236,,r2-spalatoria-auto-moonwash
tomy-pet,TOMY PET,https://www.tomypet.ro/,"4,7",,+40727777889,,r2-tomy-pet
trimite-flori-la-iasi,Trimite Flori La Iasi,https://www.trimiteflorilaiasi.ro/,"4,8",,+40741597216,,r2-trimite-flori-la-iasi
beauty-lines,Beauty Lines,http://www.beautylines.ro/,"4,9",135,+40726021516,,r3-beauty-lines
chicano-tattoo,CHICANO TATTOO,https://chicanotattoo.ro/,"5,0",,+40725732330,,r3-chicano-tattoo
cofetaria-de-acasa,Cofetaria de acasa,http://www.cofetariadeacasa.ro/,"4,8",176,+40747565691,,r3-cofetaria-de-acasa
cofetaria-la-dolce-vita,Cofetaria La Dolce Vita,http://ladolcevita.ro/,"4,8",,+40332100555,,r3-cofetaria-la-dolce-vita
cofetaria-palibo-canta-iasi,COFETARIA PALIBO CANTA IASI,https://palibo.ro/,"4,8",274,+40741353536,,r3-cofetaria-palibo-canta-iasi
hype-barbershop,Hype Barbershop,http://www.hypebarbershop.ro/,"4,8",,+40741516583,,r3-hype-barbershop
iluminatti-concept,Iluminatti Concept,http://www.iluminatti.ro/,"4,7",230,+40731553425,,r3-iluminatti-concept
magazin-aurora-iasi-calea-gala,"Magazin Aurora, Iasi, Calea Galata",http://www.aurora-odobesti.ro/,"4,7",56,+40734732989,,r3-magazin-aurora-iasi-calea-gala
oby-ink,Oby Ink,https://www.obyink.ro/,"4,8",,+40748814854,,r3-oby-ink
q-bo-ink-tatuaje-pierce-uri-ia,Q-Bo Ink | Tatuaje & Pierce-uri Iași,https://www.q-boink.ro/,"4,8",330,+40753766112,,r3-q-bo-ink-tatuaje-pierce-uri-ia
royal-beauty-center,Royal Beauty Center,http://www.royalbeautycenter.ro/,"4,6",,+40749944944,,r3-royal-beauty-center
ruller-barbershop,RULLER Barbershop,http://ruller.eu/,"4,9",,+40742769139,,r3-ruller-barbershop
salon-monne,Salon Monne,http://www.salonmonne.ro/,"4,9",591,+40770321004,,r3-salon-monne
senzofit,SenzoFit,https://senzofit.ro/,"4,8",808,+40737785668,,r3-senzofit
street-barbershop,Street Barbershop,https://streetbarbershop.ro/,"4,9",,+40736225874,,r3-street-barbershop
tudor-saloon,Tudor Saloon,http://www.tudorsaloon.ro/,"4,8",,+40748825666,,r3-tudor-saloon
vendetta-saloon,Vendetta Saloon,https://www.vendettasaloon.ro/,"4,7",,+40740420272,,r3-vendetta-saloon
abeauty-clinique-iasi,aBeauty Clinique Iasi,https://abeauty.ro/pages/clinica-estetica-iasi,"5,0",705,+40748484802,,r4-abeauty-clinique-iasi
beauty-code-clinic-de-estetic,Beauty Code - Clinică de Estetică Facială Și Corporală Iași,https://www.beautycode.ro/,"5,0",,+40770689887,,r4-beauty-code-clinic-de-estetic
besthermo,Besthermo,https://besthermo.ro/,"5,0",,+40756464296,,r4-besthermo
bindu,Bindu,https://www.bistrobindu.ro/,"4,6",,+40753869371,,r4-bindu
bistro-la-noi,"Bistro ""La noi""",https://bistrolanoi.ro/,"4,7",1.084,+40771246133,,r4-bistro-la-noi
cake-expert-laborator,Cake Expert - Laborator,http://torturi-iasi.ro/,"4,6",,+40232220830,,r4-cake-expert-laborator
chic-barrique,Chic Barrique,https://chic-barrique.store/,"5,0",,+40740090979,,r4-chic-barrique
divino-winepoint-iai-magazin-d,DIVINO WinePoint Iași - Magazin de vinuri & distilate,https://divinoiasi.ro/,"5,0",,+40750453181,,r4-divino-winepoint-iai-magazin-d
empressa-experti-in-tamplarie,Empressa Experti In Tamplarie Iasi,https://empressa.ro/,"5,0",128,+40751332242,,r4-empressa-experti-in-tamplarie
eva-salon-iasi,EVA Salon Iasi,http://www.evasalon.ro/,"4,9",318,+40371710000,,r4-eva-salon-iasi
expert-body-care-epilare-defin,"Expert Body Care - Epilare Definitiva Laser, Remodelare Corporala, Criolipoliza, Tratamente Faciale Iasi",https://expertbodycare.ro/,"4,9",,+40758408112,,r4-expert-body-care-epilare-defin
fleur-boutique,Fleur Boutique,https://fleurboutique.ro/,"4,7",36,+40742947030,,r4-fleur-boutique
geamgeria,Geamgeria,http://www.geamgeria.ro/,"4,9",,+40742221760,,r4-geamgeria
head-hunters-iasi,Head Hunters Iasi,https://headhuntersiasi.ro/,"4,9",203,+40749937138,,r4-head-hunters-iasi
izzu-lashes,Izzu Lashes,https://izzulashes.ro/,"5,0",,+40747586646,,r4-izzu-lashes
kineticone-recuperare-medicala,KineticOne - Recuperare medicala si Masaj Iasi,http://www.onekinetic.ro/,"5,0",140,+40742503550,,r4-kineticone-recuperare-medicala
la-coppetta-gelateria-artigian,La Coppetta - Gelateria Artigianale,https://lacoppetta.ro/,"4,9",,+40742289116,,r4-la-coppetta-gelateria-artigian
la-costa,La Costa,http://www.lacostaiasi.ro/,"4,6",,+40755226782,,r4-la-costa
la-vie-creme,La Vie Creme,https://laviecremes.com/,"4,8",,+40752646030,,r4-la-vie-creme
lovely-skin-iasi,Lovely Skin Iasi,https://lovelyskin.ro/,"5,0",1.064,+40771155156,,r4-lovely-skin-iasi
nrmri-tablouri-rame-iai-galeri,Înrămări Tablouri & Rame Iași - Galeria Păcurari 116,https://rametablouiasi.ro/,"4,5",,+40740134147,,r4-nrmri-tablouri-rame-iai-galeri
paradiso-cofetarie-iasi-livrar,Paradiso - Cofetarie Iasi Livrare Domiciliu - Comanda Tort Online - Candy Bar Nunta,https://cofetariaparadiso.ro/,"4,8",,+40757113702,,r4-paradiso-cofetarie-iasi-livrar
q-estetic-bucium,Q Estetic Bucium,http://www.qestetic.ro/,"5,0",357,+40735222111,,r4-q-estetic-bucium
tasha-beauty-center-masaj-remo,"Tasha Beauty Center - Masaj, Remodelare Corporala, Tratamente Corporale Iasi. Criolipoliza, Lipolaser Iasi.",https://www.tashabeauty.ro/,"4,7",,+40741987695,,r4-tasha-beauty-center-masaj-remo
termoplast,Termoplast,https://termoplast.ro/,"4,5",,+40747499199,,r4-termoplast
vindum,Vindum,http://vindum.ro/,"5,0",,+40740990998,,r4-vindum
cabinet-veterinar-centru-de-,Cabinet veterinar - Centru de imagistică veterinară,https://imagisticaveterinaraiasi.ro/,"4,8",,+40766919122,,ro-cabinet-veterinar-centru-de-
cabinet-veterinar-dr-ludovic,Cabinet veterinar Dr. Ludovic BACUSCA,https://www.cmvidrbacusca.com/,"4,8",,+40332107733,,ro-cabinet-veterinar-dr-ludovic
cafeneaua-noastra,Cafeneaua Noastră,https://cafeneauanoastra.ro/,"4,8",493,+40752878358,,ro-cafeneaua-noastra
carhospital-service-auto-ias,CarHospital Service Auto Iasi,http://www.carhospital.ro/,"4,9",706,+40770455210,,ro-carhospital-service-auto-ias
coffee-story-cafea-proaspat-,Coffee Story - Cafea Proaspat Prajita,https://coffeestory.ro/,"4,9",,+40745394759,,ro-coffee-story-cafea-proaspat-
dipimacu-brutarie-artizanala,dipimacu - brutărie artizanală,https://dipimacu.ro/,"5,0",17,+40731860266,,ro-dipimacu-brutarie-artizanala
dm-motors-service-auto-iasi,DM MOTORS - SERVICE AUTO IASI,https://dm-motors.ro/,"4,9",65,+40722910123,,ro-dm-motors-service-auto-iasi
eris-vet,ERIS VET,http://www.erisvet.ro/,"4,8",,+40232274330,,ro-eris-vet
fat-cat-copou,Fat Cat Copou,https://www.fatcat.ro/,"5,0",13,+40770603988,,ro-fat-cat-copou
floral-studio,Floral Studio,http://www.floralstudio.ro/,"4,8",188,+40758413292,,ro-floral-studio
mon-amour-fleurs,Mon Amour Fleurs,https://monamourfleurs.ro/,"4,9",,+40733282700,,ro-mon-amour-fleurs
nais-shaorma,NAIS Shaorma,https://naisfood.ro/,"4,9",,+40758620609,,ro-nais-shaorma
noir-coffee-van-palas,NOIR Coffee Van Palas,https://noircoffee.ro/,"4,8",,+40754392413,,ro-noir-coffee-van-palas
restaurant-rustic,Restaurant Rustic,https://restaurantrusticiasi.ro/,"4,5",551,+40740950555,,ro-restaurant-rustic
simy-flowers,Simy Flowers,http://simyflowers.ro/,"4,9",100,+40742387277,,ro-simy-flowers
trai-restaurant-iasi,Trai Restaurant Iași,https://www.trairestaurant.ro/,"4,8",1.717,+40748973973,,ro-trai-restaurant-iasi
vetis-cabinet-veterinar,Vetis Cabinet Veterinar,http://www.vet-is.ro/,"5,0",72,+40775588604,,ro-vetis-cabinet-veterinar
